patient_id,pre_contrast_phase,peak_enhancement_phase,selected_slice,peak_mean_intensity,normalisation_mean,normalisation_std,normalisation_source,phase_intensities
DUKE_001,0,1,61,123.33114624023438,107.41197111387145,219.96180796527074,global,Phase 0: 47.21; Phase 1: 123.33; Phase 2: 118.14; Phase 3: 115.95; Phase 4: 111.36
DUKE_002,0,2,73,1769.6600341796875,107.41197111387145,219.96180796527074,global,Phase 0: 1012.20; Phase 1: 1647.54; Phase 2: 1769.66; Phase 3: 1543.41
DUKE_005,0,2,65,346.84906005859375,107.41197111387145,219.96180796527074,global,Phase 0: 151.82; Phase 1: 302.64; Phase 2: 346.85; Phase 3: 346.06
DUKE_009,0,3,77,1812.28515625,107.41197111387145,219.96180796527074,global,Phase 0: 675.91; Phase 1: 1568.52; Phase 2: 1751.08; Phase 3: 1812.29
DUKE_010,0,2,29,3289.57763671875,107.41197111387145,219.96180796527074,global,Phase 0: 1236.37; Phase 1: 3149.68; Phase 2: 3289.58; Phase 3: 3265.96
DUKE_012,0,3,114,3512.247802734375,107.41197111387145,219.96180796527074,global,Phase 0: 1414.43; Phase 1: 3357.16; Phase 2: 3497.67; Phase 3: 3512.25
DUKE_019,0,3,84,430.51708984375,107.41197111387145,219.96180796527074,global,Phase 0: 210.60; Phase 1: 404.02; Phase 2: 423.77; Phase 3: 430.52
DUKE_021,0,2,59,2666.618408203125,107.41197111387145,219.96180796527074,global,Phase 0: 1246.22; Phase 1: 2362.27; Phase 2: 2666.62; Phase 3: 2592.90
DUKE_022,0,1,98,214.0524444580078,107.41197111387145,219.96180796527074,global,Phase 0: 88.04; Phase 1: 214.05; Phase 2: 213.79; Phase 3: 209.16; Phase 4: 203.22
DUKE_028,0,2,90,315.17437744140625,107.41197111387145,219.96180796527074,global,Phase 0: 110.79; Phase 1: 309.32; Phase 2: 315.17; Phase 3: 310.31
DUKE_032,0,4,61,1935.9130859375,107.41197111387145,219.96180796527074,global,Phase 0: 1010.63; Phase 1: 1618.22; Phase 2: 1811.46; Phase 3: 1898.33; Phase 4: 1935.91
DUKE_034,0,4,84,4000.420654296875,107.41197111387145,219.96180796527074,global,Phase 0: 1822.17; Phase 1: 3226.30; Phase 2: 3667.76; Phase 3: 3900.17; Phase 4: 4000.42
DUKE_040,0,2,74,91.95519256591797,107.41197111387145,219.96180796527074,global,Phase 0: 31.29; Phase 1: 80.30; Phase 2: 91.96; Phase 3: 91.65; Phase 4: 88.14
DUKE_041,0,4,87,4335.44873046875,107.41197111387145,219.96180796527074,global,Phase 0: 1597.33; Phase 1: 3630.73; Phase 2: 4171.50; Phase 3: 4292.49; Phase 4: 4335.45
DUKE_043,0,4,57,3759.279296875,107.41197111387145,219.96180796527074,global,Phase 0: 1713.36; Phase 1: 3435.37; Phase 2: 3729.59; Phase 3: 3606.95; Phase 4: 3759.28
DUKE_044,0,2,50,158.72853088378906,107.41197111387145,219.96180796527074,global,Phase 0: 54.16; Phase 1: 143.25; Phase 2: 158.73; Phase 3: 157.64; Phase 4: 155.88
DUKE_045,0,2,120,1597.15380859375,107.41197111387145,219.96180796527074,global,Phase 0: 616.20; Phase 1: 1554.60; Phase 2: 1597.15; Phase 3: 1564.83
DUKE_046,0,3,110,240.23968505859375,107.41197111387145,219.96180796527074,global,Phase 0: 117.93; Phase 1: 198.23; Phase 2: 229.50; Phase 3: 240.24
DUKE_048,0,3,77,266.01824951171875,107.41197111387145,219.96180796527074,global,Phase 0: 154.63; Phase 1: 212.86; Phase 2: 254.92; Phase 3: 266.02
DUKE_051,0,2,92,1757.8876953125,107.41197111387145,219.96180796527074,global,Phase 0: 787.31; Phase 1: 1706.23; Phase 2: 1757.89; Phase 3: 1659.52
DUKE_055,0,1,102,3439.22802734375,107.41197111387145,219.96180796527074,global,Phase 0: 1241.97; Phase 1: 3439.23; Phase 2: 3365.02; Phase 3: 3291.68; Phase 4: 3165.26
DUKE_057,0,3,37,394.2984619140625,107.41197111387145,219.96180796527074,global,Phase 0: 172.04; Phase 1: 292.86; Phase 2: 367.66; Phase 3: 394.30
DUKE_059,0,2,94,3731.87744140625,107.41197111387145,219.96180796527074,global,Phase 0: 1498.41; Phase 1: 3571.44; Phase 2: 3731.88; Phase 3: 3704.35
DUKE_060,0,2,53,3361.81591796875,107.41197111387145,219.96180796527074,global,Phase 0: 1551.37; Phase 1: 3255.99; Phase 2: 3361.82; Phase 3: 3284.49; Phase 4: 3255.67
DUKE_061,0,3,85,3090.676025390625,107.41197111387145,219.96180796527074,global,Phase 0: 1226.56; Phase 1: 2642.74; Phase 2: 2921.34; Phase 3: 3090.68
DUKE_064,0,2,91,3949.779052734375,107.41197111387145,219.96180796527074,global,Phase 0: 1717.53; Phase 1: 3535.11; Phase 2: 3949.78; Phase 3: 3925.00; Phase 4: 3930.15
DUKE_069,0,4,70,1747.64111328125,107.41197111387145,219.96180796527074,global,Phase 0: 776.52; Phase 1: 1451.60; Phase 2: 1658.89; Phase 3: 1746.49; Phase 4: 1747.64
DUKE_071,0,3,114,1905.777099609375,107.41197111387145,219.96180796527074,global,Phase 0: 927.67; Phase 1: 1772.20; Phase 2: 1904.09; Phase 3: 1905.78
DUKE_077,0,4,97,3255.811767578125,107.41197111387145,219.96180796527074,global,Phase 0: 1223.15; Phase 1: 2657.04; Phase 2: 3073.85; Phase 3: 3199.31; Phase 4: 3255.81
DUKE_082,0,2,48,314.5494384765625,107.41197111387145,219.96180796527074,global,Phase 0: 119.09; Phase 1: 306.55; Phase 2: 314.55; Phase 3: 309.54
DUKE_086,0,3,87,234.43861389160156,107.41197111387145,219.96180796527074,global,Phase 0: 69.29; Phase 1: 196.20; Phase 2: 227.31; Phase 3: 234.44
DUKE_090,0,2,112,4237.88330078125,107.41197111387145,219.96180796527074,global,Phase 0: 1472.93; Phase 1: 4122.17; Phase 2: 4237.88; Phase 3: 4085.82
DUKE_091,0,2,63,146.8897247314453,107.41197111387145,219.96180796527074,global,Phase 0: 60.67; Phase 1: 138.82; Phase 2: 146.89; Phase 3: 142.61; Phase 4: 135.82
DUKE_097,0,3,83,380.21795654296875,107.41197111387145,219.96180796527074,global,Phase 0: 143.49; Phase 1: 340.08; Phase 2: 372.71; Phase 3: 380.22
DUKE_099,0,4,76,3521.9169921875,107.41197111387145,219.96180796527074,global,Phase 0: 1640.98; Phase 1: 2759.47; Phase 2: 3234.82; Phase 3: 3454.71; Phase 4: 3521.92
DUKE_101,0,3,78,378.41790771484375,107.41197111387145,219.96180796527074,global,Phase 0: 170.94; Phase 1: 301.12; Phase 2: 361.62; Phase 3: 378.42; Phase 4: 375.29
DUKE_103,0,2,108,369.5367126464844,107.41197111387145,219.96180796527074,global,Phase 0: 118.56; Phase 1: 332.04; Phase 2: 369.54
DUKE_104,0,2,37,359.4527587890625,107.41197111387145,219.96180796527074,global,Phase 0: 147.22; Phase 1: 319.21; Phase 2: 359.45; Phase 3: 355.21
DUKE_105,0,2,77,3928.912109375,107.41197111387145,219.96180796527074,global,Phase 0: 1297.46; Phase 1: 3770.78; Phase 2: 3928.91; Phase 3: 3703.12; Phase 4: 3498.86
DUKE_107,0,2,33,5319.4384765625,107.41197111387145,219.96180796527074,global,Phase 0: 2309.85; Phase 1: 5130.74; Phase 2: 5319.44; Phase 3: 5292.82; Phase 4: 5296.46
DUKE_114,0,3,65,4057.734130859375,107.41197111387145,219.96180796527074,global,Phase 0: 1530.77; Phase 1: 3511.81; Phase 2: 3943.48; Phase 3: 4057.73
DUKE_115,0,2,41,3704.65283203125,107.41197111387145,219.96180796527074,global,Phase 0: 1425.56; Phase 1: 3448.13; Phase 2: 3704.65; Phase 3: 3666.04; Phase 4: 3574.43
DUKE_116,0,3,98,377.3594665527344,107.41197111387145,219.96180796527074,global,Phase 0: 126.45; Phase 1: 336.52; Phase 2: 373.17; Phase 3: 377.36
DUKE_117,0,2,109,3023.5537109375,107.41197111387145,219.96180796527074,global,Phase 0: 1091.99; Phase 1: 2733.04; Phase 2: 3023.55; Phase 3: 3020.72
DUKE_119,0,4,72,509.937255859375,107.41197111387145,219.96180796527074,global,Phase 0: 251.38; Phase 1: 428.48; Phase 2: 478.51; Phase 3: 495.66; Phase 4: 509.94
DUKE_120,0,1,14,423.7387390136719,107.41197111387145,219.96180796527074,global,Phase 0: 333.16; Phase 1: 423.74; Phase 2: 405.51; Phase 3: 376.06; Phase 4: 322.75
DUKE_123,0,1,45,1684.3719482421875,107.41197111387145,219.96180796527074,global,Phase 0: 748.82; Phase 1: 1684.37; Phase 2: 1604.46; Phase 3: 1597.68; Phase 4: 1526.07
DUKE_129,0,4,76,4087.034423828125,107.41197111387145,219.96180796527074,global,Phase 0: 1602.83; Phase 1: 3889.03; Phase 2: 4078.01; Phase 3: 4079.69; Phase 4: 4087.03
DUKE_132,0,2,87,273.9180603027344,107.41197111387145,219.96180796527074,global,Phase 0: 117.46; Phase 1: 266.86; Phase 2: 273.92; Phase 3: 269.76
DUKE_134,0,2,105,2529.775634765625,107.41197111387145,219.96180796527074,global,Phase 0: 837.23; Phase 1: 2433.95; Phase 2: 2529.78; Phase 3: 2406.67; Phase 4: 2330.36
DUKE_136,0,1,22,1474.68212890625,107.41197111387145,219.96180796527074,global,Phase 0: 577.79; Phase 1: 1474.68; Phase 2: 1395.78; Phase 3: 1339.82; Phase 4: 1286.19
DUKE_137,0,2,39,279.8016052246094,107.41197111387145,219.96180796527074,global,Phase 0: 157.41; Phase 1: 262.25; Phase 2: 279.80; Phase 3: 279.07
DUKE_141,0,2,76,451.5522766113281,107.41197111387145,219.96180796527074,global,Phase 0: 150.62; Phase 1: 387.36; Phase 2: 451.55; Phase 3: 448.34
DUKE_142,0,2,76,316.8763732910156,107.41197111387145,219.96180796527074,global,Phase 0: 129.66; Phase 1: 295.02; Phase 2: 316.88; Phase 3: 308.81
DUKE_144,0,3,69,305.99493408203125,107.41197111387145,219.96180796527074,global,Phase 0: 149.19; Phase 1: 272.82; Phase 2: 305.13; Phase 3: 305.99
DUKE_148,0,3,65,4562.62255859375,107.41197111387145,219.96180796527074,global,Phase 0: 1601.61; Phase 1: 4019.67; Phase 2: 4466.69; Phase 3: 4562.62; Phase 4: 4541.13
DUKE_150,0,3,81,1707.462158203125,107.41197111387145,219.96180796527074,global,Phase 0: 808.61; Phase 1: 1451.43; Phase 2: 1627.82; Phase 3: 1707.46; Phase 4: 1704.82
DUKE_156,0,2,113,158.10874938964844,107.41197111387145,219.96180796527074,global,Phase 0: 71.59; Phase 1: 138.04; Phase 2: 158.11; Phase 3: 156.88
DUKE_157,0,2,53,405.8404235839844,107.41197111387145,219.96180796527074,global,Phase 0: 162.10; Phase 1: 378.86; Phase 2: 405.84; Phase 3: 401.12
DUKE_160,0,3,79,3354.3828125,107.41197111387145,219.96180796527074,global,Phase 0: 1360.14; Phase 1: 3027.70; Phase 2: 3295.67; Phase 3: 3354.38; Phase 4: 3288.96
DUKE_163,0,1,96,4162.09716796875,107.41197111387145,219.96180796527074,global,Phase 0: 1496.01; Phase 1: 4162.10; Phase 2: 4085.99; Phase 3: 3944.96; Phase 4: 3765.93
DUKE_167,0,3,85,4152.03173828125,107.41197111387145,219.96180796527074,global,Phase 0: 1697.97; Phase 1: 3399.41; Phase 2: 3995.93; Phase 3: 4152.03
DUKE_168,0,2,109,370.0882568359375,107.41197111387145,219.96180796527074,global,Phase 0: 109.94; Phase 1: 362.92; Phase 2: 370.09; Phase 3: 356.90
DUKE_176,0,3,97,525.4547119140625,107.41197111387145,219.96180796527074,global,Phase 0: 237.92; Phase 1: 461.65; Phase 2: 521.98; Phase 3: 525.45; Phase 4: 502.96
DUKE_177,0,3,100,303.5571594238281,107.41197111387145,219.96180796527074,global,Phase 0: 186.76; Phase 1: 268.50; Phase 2: 303.42; Phase 3: 303.56
DUKE_178,0,2,106,1580.7650146484375,107.41197111387145,219.96180796527074,global,Phase 0: 699.72; Phase 1: 1483.25; Phase 2: 1580.77; Phase 3: 1411.19
DUKE_180,0,2,63,422.36376953125,107.41197111387145,219.96180796527074,global,Phase 0: 216.17; Phase 1: 384.09; Phase 2: 422.36; Phase 3: 422.19
DUKE_183,0,3,98,369.129638671875,107.41197111387145,219.96180796527074,global,Phase 0: 162.75; Phase 1: 328.88; Phase 2: 360.62; Phase 3: 369.13
DUKE_185,0,3,101,4223.94970703125,107.41197111387145,219.96180796527074,global,Phase 0: 2052.03; Phase 1: 3789.81; Phase 2: 4099.55; Phase 3: 4223.95
DUKE_189,0,2,63,333.242431640625,107.41197111387145,219.96180796527074,global,Phase 0: 145.13; Phase 1: 327.81; Phase 2: 333.24; Phase 3: 321.57; Phase 4: 311.88
DUKE_192,0,2,73,353.5605773925781,107.41197111387145,219.96180796527074,global,Phase 0: 134.42; Phase 1: 320.90; Phase 2: 353.56; Phase 3: 352.90
DUKE_198,0,3,59,342.2876892089844,107.41197111387145,219.96180796527074,global,Phase 0: 149.87; Phase 1: 287.34; Phase 2: 334.20; Phase 3: 342.29; Phase 4: 340.95
DUKE_202,0,3,86,239.94723510742188,107.41197111387145,219.96180796527074,global,Phase 0: 141.46; Phase 1: 185.49; Phase 2: 222.87; Phase 3: 239.95
DUKE_205,0,3,67,1396.7840576171875,107.41197111387145,219.96180796527074,global,Phase 0: 740.01; Phase 1: 1195.04; Phase 2: 1335.65; Phase 3: 1396.78
DUKE_211,0,1,76,408.03753662109375,107.41197111387145,219.96180796527074,global,Phase 0: 149.16; Phase 1: 408.04; Phase 2: 404.67; Phase 3: 392.08; Phase 4: 377.82
DUKE_217,0,2,33,3288.5595703125,107.41197111387145,219.96180796527074,global,Phase 0: 1733.23; Phase 1: 3200.07; Phase 2: 3288.56; Phase 3: 3127.30; Phase 4: 3036.00
DUKE_218,0,2,100,4141.81005859375,107.41197111387145,219.96180796527074,global,Phase 0: 1370.09; Phase 1: 4140.75; Phase 2: 4141.81; Phase 3: 4023.63; Phase 4: 4117.87
DUKE_225,0,3,73,1220.93115234375,107.41197111387145,219.96180796527074,global,Phase 0: 591.86; Phase 1: 1077.80; Phase 2: 1198.86; Phase 3: 1220.93
DUKE_228,0,1,117,4110.546875,107.41197111387145,219.96180796527074,global,Phase 0: 1353.77; Phase 1: 4110.55; Phase 2: 4020.20; Phase 3: 3833.06; Phase 4: 3728.02
DUKE_233,0,3,106,1849.6038818359375,107.41197111387145,219.96180796527074,global,Phase 0: 888.25; Phase 1: 1575.78; Phase 2: 1774.61; Phase 3: 1849.60
DUKE_234,0,3,95,3006.81884765625,107.41197111387145,219.96180796527074,global,Phase 0: 1397.49; Phase 1: 2703.56; Phase 2: 2968.52; Phase 3: 3006.82
DUKE_236,0,4,73,1859.0914306640625,107.41197111387145,219.96180796527074,global,Phase 0: 1172.52; Phase 1: 1541.76; Phase 2: 1702.07; Phase 3: 1803.98; Phase 4: 1859.09
DUKE_237,0,3,77,343.612060546875,107.41197111387145,219.96180796527074,global,Phase 0: 179.92; Phase 1: 302.84; Phase 2: 337.71; Phase 3: 343.61
DUKE_239,0,2,73,1772.6300048828125,107.41197111387145,219.96180796527074,global,Phase 0: 735.95; Phase 1: 1713.32; Phase 2: 1772.63; Phase 3: 1763.22
DUKE_240,0,2,90,1826.2764892578125,107.41197111387145,219.96180796527074,global,Phase 0: 696.90; Phase 1: 1662.90; Phase 2: 1826.28; Phase 3: 1808.50
DUKE_244,0,2,56,4076.26953125,107.41197111387145,219.96180796527074,global,Phase 0: 1870.28; Phase 1: 4030.08; Phase 2: 4076.27; Phase 3: 3941.73; Phase 4: 4014.46
DUKE_250,0,3,148,537.1656494140625,107.41197111387145,219.96180796527074,global,Phase 0: 136.78; Phase 1: 476.75; Phase 2: 525.49; Phase 3: 537.17
DUKE_253,0,2,70,399.44793701171875,107.41197111387145,219.96180796527074,global,Phase 0: 151.04; Phase 1: 360.51; Phase 2: 399.45
DUKE_255,0,3,80,1540.08935546875,107.41197111387145,219.96180796527074,global,Phase 0: 580.83; Phase 1: 1384.73; Phase 2: 1498.99; Phase 3: 1540.09
DUKE_256,0,3,67,301.30401611328125,107.41197111387145,219.96180796527074,global,Phase 0: 178.21; Phase 1: 260.46; Phase 2: 291.22; Phase 3: 301.30
DUKE_258,0,2,78,2423.29931640625,107.41197111387145,219.96180796527074,global,Phase 0: 1048.90; Phase 1: 2324.95; Phase 2: 2423.30
DUKE_260,0,2,43,5540.24169921875,107.41197111387145,219.96180796527074,global,Phase 0: 1997.63; Phase 1: 5189.74; Phase 2: 5540.24; Phase 3: 5420.55; Phase 4: 5377.60
DUKE_265,0,2,46,219.17791748046875,107.41197111387145,219.96180796527074,global,Phase 0: 94.27; Phase 1: 215.81; Phase 2: 219.18; Phase 3: 213.12; Phase 4: 202.23
DUKE_268,0,1,125,269.3441467285156,107.41197111387145,219.96180796527074,global,Phase 0: 114.60; Phase 1: 269.34; Phase 2: 261.98; Phase 3: 253.94
DUKE_269,0,2,88,3311.39404296875,107.41197111387145,219.96180796527074,global,Phase 0: 1574.86; Phase 1: 3291.44; Phase 2: 3311.39; Phase 3: 3199.04; Phase 4: 3139.32
DUKE_271,0,2,57,339.9250183105469,107.41197111387145,219.96180796527074,global,Phase 0: 164.44; Phase 1: 317.55; Phase 2: 339.93; Phase 3: 338.86; Phase 4: 338.24
DUKE_275,0,3,89,341.6991882324219,107.41197111387145,219.96180796527074,global,Phase 0: 127.37; Phase 1: 317.58; Phase 2: 341.56; Phase 3: 341.70
DUKE_282,0,2,69,226.47030639648438,107.41197111387145,219.96180796527074,global,Phase 0: 88.83; Phase 1: 221.37; Phase 2: 226.47
DUKE_283,0,3,50,1974.9510498046875,107.41197111387145,219.96180796527074,global,Phase 0: 740.50; Phase 1: 1924.60; Phase 2: 1921.99; Phase 3: 1974.95
DUKE_285,0,2,81,4056.48583984375,107.41197111387145,219.96180796527074,global,Phase 0: 1600.64; Phase 1: 4048.61; Phase 2: 4056.49; Phase 3: 4028.83
DUKE_287,0,3,113,3701.761962890625,107.41197111387145,219.96180796527074,global,Phase 0: 1630.22; Phase 1: 3048.01; Phase 2: 3533.16; Phase 3: 3701.76
DUKE_290,0,3,119,303.0544738769531,107.41197111387145,219.96180796527074,global,Phase 0: 91.63; Phase 1: 247.32; Phase 2: 296.10; Phase 3: 303.05
DUKE_293,0,3,110,369.540283203125,107.41197111387145,219.96180796527074,global,Phase 0: 135.57; Phase 1: 267.05; Phase 2: 347.89; Phase 3: 369.54
DUKE_298,0,3,51,4151.89501953125,107.41197111387145,219.96180796527074,global,Phase 0: 1578.96; Phase 1: 3911.79; Phase 2: 4115.98; Phase 3: 4151.90
DUKE_301,0,1,129,1360.843994140625,107.41197111387145,219.96180796527074,global,Phase 0: 564.27; Phase 1: 1360.84; Phase 2: 1308.72; Phase 3: 1271.51; Phase 4: 1251.48
DUKE_303,0,2,39,4372.93359375,107.41197111387145,219.96180796527074,global,Phase 0: 1767.91; Phase 1: 4121.95; Phase 2: 4372.93; Phase 3: 4363.37; Phase 4: 4312.06
DUKE_304,0,4,75,382.459716796875,107.41197111387145,219.96180796527074,global,Phase 0: 194.43; Phase 1: 342.39; Phase 2: 376.55; Phase 3: 380.65; Phase 4: 382.46
DUKE_306,0,4,89,3768.115478515625,107.41197111387145,219.96180796527074,global,Phase 0: 2233.73; Phase 1: 3179.18; Phase 2: 3445.17; Phase 3: 3641.90; Phase 4: 3768.12
DUKE_307,0,2,78,285.8554992675781,107.41197111387145,219.96180796527074,global,Phase 0: 76.24; Phase 1: 250.51; Phase 2: 285.86; Phase 3: 284.06
DUKE_313,0,2,82,232.22520446777344,107.41197111387145,219.96180796527074,global,Phase 0: 96.22; Phase 1: 226.51; Phase 2: 232.23; Phase 3: 220.56
DUKE_317,0,3,97,3587.201904296875,107.41197111387145,219.96180796527074,global,Phase 0: 1216.01; Phase 1: 3293.69; Phase 2: 3572.57; Phase 3: 3587.20
DUKE_321,0,2,75,741.2360229492188,107.41197111387145,219.96180796527074,global,Phase 0: 294.97; Phase 1: 697.58; Phase 2: 741.24; Phase 3: 693.42; Phase 4: 664.60
DUKE_323,0,3,64,459.63092041015625,107.41197111387145,219.96180796527074,global,Phase 0: 154.87; Phase 1: 379.27; Phase 2: 458.97; Phase 3: 459.63
DUKE_328,0,2,90,4897.58203125,107.41197111387145,219.96180796527074,global,Phase 0: 1737.64; Phase 1: 4784.73; Phase 2: 4897.58; Phase 3: 4774.55; Phase 4: 4637.56
DUKE_333,0,1,58,2954.8251953125,107.41197111387145,219.96180796527074,global,Phase 0: 1427.10; Phase 1: 2954.83; Phase 2: 2879.95; Phase 3: 2883.92; Phase 4: 2794.91
DUKE_335,0,4,59,441.1375732421875,107.41197111387145,219.96180796527074,global,Phase 0: 182.21; Phase 1: 349.14; Phase 2: 407.53; Phase 3: 431.11; Phase 4: 441.14
DUKE_338,0,1,105,1877.181396484375,107.41197111387145,219.96180796527074,global,Phase 0: 703.16; Phase 1: 1877.18; Phase 2: 1842.86; Phase 3: 1651.53; Phase 4: 1514.80
DUKE_345,0,3,83,4104.736328125,107.41197111387145,219.96180796527074,global,Phase 0: 1543.94; Phase 1: 3927.63; Phase 2: 4067.23; Phase 3: 4104.74; Phase 4: 4100.67
DUKE_346,0,3,102,2517.3740234375,107.41197111387145,219.96180796527074,global,Phase 0: 682.76; Phase 1: 2154.70; Phase 2: 2453.68; Phase 3: 2517.37
DUKE_350,0,1,87,3669.518310546875,107.41197111387145,219.96180796527074,global,Phase 0: 1341.94; Phase 1: 3669.52; Phase 2: 3628.04; Phase 3: 3548.27
DUKE_353,0,3,74,254.3647003173828,107.41197111387145,219.96180796527074,global,Phase 0: 140.02; Phase 1: 212.63; Phase 2: 241.67; Phase 3: 254.36
DUKE_356,0,3,72,162.25355529785156,107.41197111387145,219.96180796527074,global,Phase 0: 57.70; Phase 1: 138.32; Phase 2: 157.10; Phase 3: 162.25; Phase 4: 158.23
DUKE_360,0,2,90,4394.345703125,107.41197111387145,219.96180796527074,global,Phase 0: 1802.27; Phase 1: 4257.20; Phase 2: 4394.35; Phase 3: 4303.13; Phase 4: 4242.82
DUKE_363,0,3,96,426.7781982421875,107.41197111387145,219.96180796527074,global,Phase 0: 194.00; Phase 1: 364.58; Phase 2: 409.34; Phase 3: 426.78
DUKE_368,0,3,87,282.6784362792969,107.41197111387145,219.96180796527074,global,Phase 0: 105.76; Phase 1: 220.17; Phase 2: 265.97; Phase 3: 282.68
DUKE_377,0,2,93,3232.408203125,107.41197111387145,219.96180796527074,global,Phase 0: 1189.53; Phase 1: 3059.81; Phase 2: 3232.41; Phase 3: 3131.30
DUKE_378,0,2,92,4033.760986328125,107.41197111387145,219.96180796527074,global,Phase 0: 1277.55; Phase 1: 3886.36; Phase 2: 4033.76; Phase 3: 3961.17; Phase 4: 3751.48
DUKE_383,0,3,55,3440.434814453125,107.41197111387145,219.96180796527074,global,Phase 0: 1601.23; Phase 1: 3187.73; Phase 2: 3388.28; Phase 3: 3440.43; Phase 4: 3412.18
DUKE_385,0,3,123,352.2854309082031,107.41197111387145,219.96180796527074,global,Phase 0: 131.31; Phase 1: 307.42; Phase 2: 345.35; Phase 3: 352.29
DUKE_386,0,2,90,140.06568908691406,107.41197111387145,219.96180796527074,global,Phase 0: 51.98; Phase 1: 139.63; Phase 2: 140.07; Phase 3: 134.55; Phase 4: 130.13
DUKE_387,0,2,70,4489.97802734375,107.41197111387145,219.96180796527074,global,Phase 0: 1791.40; Phase 1: 4119.05; Phase 2: 4489.98; Phase 3: 4453.12; Phase 4: 4353.90
DUKE_395,0,3,74,2621.447021484375,107.41197111387145,219.96180796527074,global,Phase 0: 1020.51; Phase 1: 2370.04; Phase 2: 2533.51; Phase 3: 2621.45
DUKE_397,0,3,59,1651.0216064453125,107.41197111387145,219.96180796527074,global,Phase 0: 717.50; Phase 1: 1483.76; Phase 2: 1611.46; Phase 3: 1651.02
DUKE_398,0,1,44,310.0696716308594,107.41197111387145,219.96180796527074,global,Phase 0: 139.04; Phase 1: 310.07; Phase 2: 224.67; Phase 3: 222.37
DUKE_399,0,3,76,3795.717529296875,107.41197111387145,219.96180796527074,global,Phase 0: 1260.11; Phase 1: 3376.74; Phase 2: 3750.83; Phase 3: 3795.72; Phase 4: 3737.01
DUKE_400,0,2,57,3152.092529296875,107.41197111387145,219.96180796527074,global,Phase 0: 1633.10; Phase 1: 2903.81; Phase 2: 3152.09; Phase 3: 3140.99; Phase 4: 3138.97
DUKE_406,0,4,122,943.18017578125,107.41197111387145,219.96180796527074,global,Phase 0: 316.19; Phase 1: 900.61; Phase 2: 863.57; Phase 3: 941.57; Phase 4: 943.18
DUKE_407,0,3,96,1569.2796630859375,107.41197111387145,219.96180796527074,global,Phase 0: 765.50; Phase 1: 1425.81; Phase 2: 1564.09; Phase 3: 1569.28
DUKE_408,0,3,117,1311.6707763671875,107.41197111387145,219.96180796527074,global,Phase 0: 620.15; Phase 1: 1145.82; Phase 2: 1308.10; Phase 3: 1311.67; Phase 4: 1309.15
DUKE_412,0,3,107,2723.4736328125,107.41197111387145,219.96180796527074,global,Phase 0: 1120.85; Phase 1: 2143.91; Phase 2: 2600.31; Phase 3: 2723.47
DUKE_414,0,2,98,3754.262939453125,107.41197111387145,219.96180796527074,global,Phase 0: 1040.43; Phase 1: 3451.71; Phase 2: 3754.26; Phase 3: 3734.33
DUKE_420,0,3,55,378.11474609375,107.41197111387145,219.96180796527074,global,Phase 0: 205.43; Phase 1: 360.22; Phase 2: 376.09; Phase 3: 378.11
DUKE_424,0,3,68,3484.8779296875,107.41197111387145,219.96180796527074,global,Phase 0: 1574.93; Phase 1: 3147.52; Phase 2: 3470.14; Phase 3: 3484.88; Phase 4: 3423.71
DUKE_428,0,3,106,307.75439453125,107.41197111387145,219.96180796527074,global,Phase 0: 151.90; Phase 1: 284.29; Phase 2: 304.94; Phase 3: 307.75
DUKE_429,0,2,80,380.1829833984375,107.41197111387145,219.96180796527074,global,Phase 0: 180.53; Phase 1: 344.18; Phase 2: 380.18; Phase 3: 377.70
DUKE_431,0,3,50,493.9743347167969,107.41197111387145,219.96180796527074,global,Phase 0: 235.65; Phase 1: 471.39; Phase 2: 493.88; Phase 3: 493.97; Phase 4: 477.91
DUKE_435,0,2,79,3030.275390625,107.41197111387145,219.96180796527074,global,Phase 0: 1383.19; Phase 1: 2865.48; Phase 2: 3030.28; Phase 3: 3020.42; Phase 4: 2942.18
DUKE_437,0,3,69,445.9989013671875,107.41197111387145,219.96180796527074,global,Phase 0: 317.77; Phase 1: 408.43; Phase 2: 438.55; Phase 3: 446.00
DUKE_438,0,2,87,3407.353271484375,107.41197111387145,219.96180796527074,global,Phase 0: 1405.90; Phase 1: 3066.49; Phase 2: 3407.35; Phase 3: 3400.84
DUKE_441,0,3,80,3649.79541015625,107.41197111387145,219.96180796527074,global,Phase 0: 1472.61; Phase 1: 3136.82; Phase 2: 3547.32; Phase 3: 3649.80; Phase 4: 3543.35
DUKE_444,0,3,88,3333.47900390625,107.41197111387145,219.96180796527074,global,Phase 0: 1241.82; Phase 1: 3172.72; Phase 2: 3287.36; Phase 3: 3333.48
DUKE_454,0,3,82,300.1644592285156,107.41197111387145,219.96180796527074,global,Phase 0: 116.03; Phase 1: 265.62; Phase 2: 299.71; Phase 3: 300.16
DUKE_457,0,2,64,392.8430480957031,107.41197111387145,219.96180796527074,global,Phase 0: 168.93; Phase 1: 371.82; Phase 2: 392.84; Phase 3: 389.98; Phase 4: 371.22
DUKE_464,0,2,39,428.2607421875,107.41197111387145,219.96180796527074,global,Phase 0: 172.31; Phase 1: 414.68; Phase 2: 428.26; Phase 3: 422.04; Phase 4: 418.14
DUKE_465,0,3,88,3098.128173828125,107.41197111387145,219.96180796527074,global,Phase 0: 1014.22; Phase 1: 2623.92; Phase 2: 3020.93; Phase 3: 3098.13
DUKE_468,0,3,86,1460.590087890625,107.41197111387145,219.96180796527074,global,Phase 0: 633.10; Phase 1: 1428.81; Phase 2: 1439.80; Phase 3: 1460.59
DUKE_470,0,2,125,1526.9609375,107.41197111387145,219.96180796527074,global,Phase 0: 731.96; Phase 1: 1482.44; Phase 2: 1526.96; Phase 3: 1471.36; Phase 4: 1462.41
DUKE_474,0,3,121,434.6285400390625,107.41197111387145,219.96180796527074,global,Phase 0: 163.99; Phase 1: 342.21; Phase 2: 424.15; Phase 3: 434.63
DUKE_480,0,3,79,3927.550537109375,107.41197111387145,219.96180796527074,global,Phase 0: 1190.04; Phase 1: 3632.06; Phase 2: 3924.15; Phase 3: 3927.55
DUKE_482,0,3,112,413.3856201171875,107.41197111387145,219.96180796527074,global,Phase 0: 157.61; Phase 1: 344.16; Phase 2: 407.37; Phase 3: 413.39
DUKE_486,0,3,80,1686.4862060546875,107.41197111387145,219.96180796527074,global,Phase 0: 690.14; Phase 1: 1658.41; Phase 2: 1678.29; Phase 3: 1686.49; Phase 4: 1629.84
DUKE_489,0,2,106,328.541259765625,107.41197111387145,219.96180796527074,global,Phase 0: 129.69; Phase 1: 300.46; Phase 2: 328.54; Phase 3: 328.35
DUKE_491,0,1,42,3297.2734375,107.41197111387145,219.96180796527074,global,Phase 0: 1473.99; Phase 1: 3297.27; Phase 2: 3257.20; Phase 3: 3183.58
DUKE_501,0,3,85,3009.246337890625,107.41197111387145,219.96180796527074,global,Phase 0: 1240.94; Phase 1: 2825.02; Phase 2: 2985.24; Phase 3: 3009.25
DUKE_506,0,2,89,576.2408447265625,107.41197111387145,219.96180796527074,global,Phase 0: 215.23; Phase 1: 524.44; Phase 2: 576.24; Phase 3: 554.61; Phase 4: 534.93
DUKE_507,0,2,51,3609.216064453125,107.41197111387145,219.96180796527074,global,Phase 0: 1255.02; Phase 1: 3433.54; Phase 2: 3609.22; Phase 3: 3539.67; Phase 4: 3478.21
DUKE_508,0,3,35,3082.9130859375,107.41197111387145,219.96180796527074,global,Phase 0: 1255.41; Phase 1: 2756.15; Phase 2: 2995.83; Phase 3: 3082.91
DUKE_512,0,2,104,203.40122985839844,107.41197111387145,219.96180796527074,global,Phase 0: 72.87; Phase 1: 199.21; Phase 2: 203.40; Phase 3: 191.35
DUKE_514,0,3,106,2629.35693359375,107.41197111387145,219.96180796527074,global,Phase 0: 1262.46; Phase 1: 2422.79; Phase 2: 2551.76; Phase 3: 2629.36
DUKE_517,0,4,64,2662.59130859375,107.41197111387145,219.96180796527074,global,Phase 0: 1477.60; Phase 1: 2394.78; Phase 2: 2588.38; Phase 3: 2640.50; Phase 4: 2662.59
DUKE_521,0,3,112,3526.22216796875,107.41197111387145,219.96180796527074,global,Phase 0: 2029.18; Phase 1: 3024.59; Phase 2: 3404.67; Phase 3: 3526.22
DUKE_525,0,1,92,4154.57666015625,107.41197111387145,219.96180796527074,global,Phase 0: 1427.57; Phase 1: 4154.58; Phase 2: 4066.06; Phase 3: 3873.33
DUKE_527,0,2,91,410.0774230957031,107.41197111387145,219.96180796527074,global,Phase 0: 170.88; Phase 1: 374.19; Phase 2: 410.08; Phase 3: 401.43
DUKE_530,0,4,60,1412.481689453125,107.41197111387145,219.96180796527074,global,Phase 0: 619.73; Phase 1: 1206.96; Phase 2: 1346.22; Phase 3: 1399.41; Phase 4: 1412.48
DUKE_534,0,2,117,561.85009765625,107.41197111387145,219.96180796527074,global,Phase 0: 199.82; Phase 1: 520.69; Phase 2: 561.85; Phase 3: 551.41
DUKE_535,0,3,82,1096.3388671875,107.41197111387145,219.96180796527074,global,Phase 0: 496.11; Phase 1: 987.32; Phase 2: 1065.56; Phase 3: 1096.34
DUKE_539,0,2,75,3614.00830078125,107.41197111387145,219.96180796527074,global,Phase 0: 1070.20; Phase 1: 3562.10; Phase 2: 3614.01; Phase 3: 3365.49
DUKE_541,0,2,44,760.3187255859375,107.41197111387145,219.96180796527074,global,Phase 0: 296.18; Phase 1: 718.23; Phase 2: 760.32; Phase 3: 720.99; Phase 4: 690.72
DUKE_543,0,3,99,3238.949462890625,107.41197111387145,219.96180796527074,global,Phase 0: 1319.67; Phase 1: 2830.41; Phase 2: 3201.43; Phase 3: 3238.95
DUKE_545,0,2,51,322.2238464355469,107.41197111387145,219.96180796527074,global,Phase 0: 125.86; Phase 1: 320.97; Phase 2: 322.22; Phase 3: 304.85; Phase 4: 291.30
DUKE_546,0,3,75,201.21095275878906,107.41197111387145,219.96180796527074,global,Phase 0: 63.48; Phase 1: 165.80; Phase 2: 198.66; Phase 3: 201.21
DUKE_552,0,2,66,3146.489501953125,107.41197111387145,219.96180796527074,global,Phase 0: 950.84; Phase 1: 2659.71; Phase 2: 3146.49; Phase 3: 3114.64; Phase 4: 2991.11
DUKE_558,0,2,49,2341.0205078125,107.41197111387145,219.96180796527074,global,Phase 0: 786.68; Phase 1: 2179.56; Phase 2: 2341.02; Phase 3: 2317.27
DUKE_559,0,1,98,520.205078125,107.41197111387145,219.96180796527074,global,Phase 0: 198.53; Phase 1: 520.21; Phase 2: 487.04; Phase 3: 478.91
DUKE_560,0,4,32,2573.07763671875,107.41197111387145,219.96180796527074,global,Phase 0: 1351.22; Phase 1: 2313.63; Phase 2: 2495.95; Phase 3: 2561.41; Phase 4: 2573.08
DUKE_562,0,3,57,180.74632263183594,107.41197111387145,219.96180796527074,global,Phase 0: 71.80; Phase 1: 168.73; Phase 2: 180.24; Phase 3: 180.75
DUKE_567,0,2,90,4421.23974609375,107.41197111387145,219.96180796527074,global,Phase 0: 1122.53; Phase 1: 4333.47; Phase 2: 4421.24; Phase 3: 4156.23
DUKE_568,0,3,109,101.10452270507812,107.41197111387145,219.96180796527074,global,Phase 0: 49.82; Phase 1: 90.47; Phase 2: 100.70; Phase 3: 101.10; Phase 4: 100.70
DUKE_573,0,3,45,2116.26318359375,107.41197111387145,219.96180796527074,global,Phase 0: 886.40; Phase 1: 1885.17; Phase 2: 2016.83; Phase 3: 2116.26
DUKE_577,0,2,135,142.98190307617188,107.41197111387145,219.96180796527074,global,Phase 0: 60.59; Phase 1: 138.60; Phase 2: 142.98; Phase 3: 140.22
DUKE_585,0,3,57,3976.4462890625,107.41197111387145,219.96180796527074,global,Phase 0: 1725.19; Phase 1: 3379.45; Phase 2: 3870.57; Phase 3: 3976.45; Phase 4: 3921.63
DUKE_590,0,2,96,3325.099609375,107.41197111387145,219.96180796527074,global,Phase 0: 792.60; Phase 1: 3270.62; Phase 2: 3325.10; Phase 3: 3034.32; Phase 4: 3113.64
DUKE_592,0,4,94,1651.9393310546875,107.41197111387145,219.96180796527074,global,Phase 0: 790.11; Phase 1: 1357.05; Phase 2: 1527.13; Phase 3: 1618.37; Phase 4: 1651.94
DUKE_595,0,2,80,370.4189758300781,107.41197111387145,219.96180796527074,global,Phase 0: 142.73; Phase 1: 339.03; Phase 2: 370.42; Phase 3: 352.52
DUKE_597,0,4,67,1458.6033935546875,107.41197111387145,219.96180796527074,global,Phase 0: 1094.15; Phase 1: 1388.44; Phase 2: 1427.36; Phase 3: 1448.99; Phase 4: 1458.60
DUKE_605,0,2,110,262.11724853515625,107.41197111387145,219.96180796527074,global,Phase 0: 120.47; Phase 1: 256.45; Phase 2: 262.12; Phase 3: 250.14
DUKE_607,0,2,89,295.8160095214844,107.41197111387145,219.96180796527074,global,Phase 0: 122.48; Phase 1: 284.05; Phase 2: 295.82; Phase 3: 292.50
DUKE_609,0,3,80,4697.19677734375,107.41197111387145,219.96180796527074,global,Phase 0: 1673.19; Phase 1: 4324.85; Phase 2: 4627.89; Phase 3: 4697.20; Phase 4: 4625.26
DUKE_610,0,2,108,4037.276611328125,107.41197111387145,219.96180796527074,global,Phase 0: 1764.70; Phase 1: 3941.28; Phase 2: 4037.28; Phase 3: 3951.42; Phase 4: 3928.09
DUKE_612,0,2,101,403.0826416015625,107.41197111387145,219.96180796527074,global,Phase 0: 143.37; Phase 1: 364.66; Phase 2: 403.08; Phase 3: 386.29
DUKE_614,0,3,83,379.7574768066406,107.41197111387145,219.96180796527074,global,Phase 0: 196.66; Phase 1: 319.32; Phase 2: 366.09; Phase 3: 379.76
DUKE_615,0,3,128,1906.6558837890625,107.41197111387145,219.96180796527074,global,Phase 0: 833.13; Phase 1: 1765.19; Phase 2: 1870.14; Phase 3: 1906.66
DUKE_616,0,1,68,3001.212890625,107.41197111387145,219.96180796527074,global,Phase 0: 1357.14; Phase 1: 3001.21; Phase 2: 2923.40; Phase 3: 2838.20; Phase 4: 2788.90
DUKE_618,0,2,63,4543.56298828125,107.41197111387145,219.96180796527074,global,Phase 0: 1849.44; Phase 1: 4133.16; Phase 2: 4543.56; Phase 3: 4496.54; Phase 4: 4438.26
DUKE_623,0,2,79,3760.884033203125,107.41197111387145,219.96180796527074,global,Phase 0: 1278.71; Phase 1: 3746.41; Phase 2: 3760.88; Phase 3: 3550.99; Phase 4: 3446.94
DUKE_633,0,2,108,3189.752685546875,107.41197111387145,219.96180796527074,global,Phase 0: 1273.77; Phase 1: 3009.32; Phase 2: 3189.75; Phase 3: 3148.13
DUKE_636,0,3,79,3970.153564453125,107.41197111387145,219.96180796527074,global,Phase 0: 1124.49; Phase 1: 3550.94; Phase 2: 3929.98; Phase 3: 3970.15; Phase 4: 3805.09
DUKE_640,0,2,60,3581.858154296875,107.41197111387145,219.96180796527074,global,Phase 0: 1674.35; Phase 1: 3173.14; Phase 2: 3581.86; Phase 3: 3466.41; Phase 4: 3543.64
DUKE_641,0,2,34,139.8349609375,107.41197111387145,219.96180796527074,global,Phase 0: 65.33; Phase 1: 137.21; Phase 2: 139.83; Phase 3: 134.80
DUKE_642,0,2,78,2352.144775390625,107.41197111387145,219.96180796527074,global,Phase 0: 992.58; Phase 1: 2346.74; Phase 2: 2352.14; Phase 3: 2286.57
DUKE_645,0,3,73,299.8558349609375,107.41197111387145,219.96180796527074,global,Phase 0: 127.79; Phase 1: 269.77; Phase 2: 292.66; Phase 3: 299.86
DUKE_650,0,2,81,4137.83154296875,107.41197111387145,219.96180796527074,global,Phase 0: 1343.16; Phase 1: 3797.26; Phase 2: 4137.83; Phase 3: 4079.45; Phase 4: 4113.80
DUKE_651,0,2,57,352.4259338378906,107.41197111387145,219.96180796527074,global,Phase 0: 162.23; Phase 1: 304.33; Phase 2: 352.43; Phase 3: 347.13; Phase 4: 234.04
DUKE_652,0,3,34,3793.468017578125,107.41197111387145,219.96180796527074,global,Phase 0: 1503.53; Phase 1: 3334.33; Phase 2: 3739.13; Phase 3: 3793.47; Phase 4: 3731.84
DUKE_656,0,3,84,399.4315490722656,107.41197111387145,219.96180796527074,global,Phase 0: 153.07; Phase 1: 315.84; Phase 2: 384.41; Phase 3: 399.43
DUKE_660,0,3,94,2002.8350830078125,107.41197111387145,219.96180796527074,global,Phase 0: 941.25; Phase 1: 1710.02; Phase 2: 1958.84; Phase 3: 2002.84
DUKE_662,0,2,96,479.44854736328125,107.41197111387145,219.96180796527074,global,Phase 0: 96.02; Phase 1: 470.62; Phase 2: 479.45; Phase 3: 450.27
DUKE_663,0,3,86,1756.7342529296875,107.41197111387145,219.96180796527074,global,Phase 0: 876.72; Phase 1: 1531.27; Phase 2: 1696.24; Phase 3: 1756.73
DUKE_666,0,3,120,1744.43505859375,107.41197111387145,219.96180796527074,global,Phase 0: 807.63; Phase 1: 1640.55; Phase 2: 1742.45; Phase 3: 1744.44; Phase 4: 1732.60
DUKE_670,0,2,27,3819.500244140625,107.41197111387145,219.96180796527074,global,Phase 0: 1273.62; Phase 1: 3503.39; Phase 2: 3819.50; Phase 3: 3752.22; Phase 4: 3678.60
DUKE_672,0,2,92,3557.774169921875,107.41197111387145,219.96180796527074,global,Phase 0: 1255.46; Phase 1: 3515.86; Phase 2: 3557.77; Phase 3: 3471.23; Phase 4: 3433.77
DUKE_677,0,1,103,3532.844482421875,107.41197111387145,219.96180796527074,global,Phase 0: 1582.44; Phase 1: 3532.84; Phase 2: 3479.13; Phase 3: 3377.49; Phase 4: 3220.71
DUKE_679,0,3,53,323.5536804199219,107.41197111387145,219.96180796527074,global,Phase 0: 128.62; Phase 1: 260.79; Phase 2: 307.05; Phase 3: 323.55
DUKE_681,0,4,96,440.0317077636719,107.41197111387145,219.96180796527074,global,Phase 0: 219.45; Phase 1: 375.10; Phase 2: 419.56; Phase 3: 430.59; Phase 4: 440.03
DUKE_684,0,3,47,3570.735595703125,107.41197111387145,219.96180796527074,global,Phase 0: 1314.04; Phase 1: 3162.42; Phase 2: 3530.86; Phase 3: 3570.74
DUKE_685,0,3,73,1360.535888671875,107.41197111387145,219.96180796527074,global,Phase 0: 642.53; Phase 1: 1312.30; Phase 2: 1343.88; Phase 3: 1360.54
DUKE_686,0,2,100,4029.17822265625,107.41197111387145,219.96180796527074,global,Phase 0: 1564.79; Phase 1: 3698.75; Phase 2: 4029.18; Phase 3: 4012.80; Phase 4: 3957.99
DUKE_687,0,3,52,2789.333251953125,107.41197111387145,219.96180796527074,global,Phase 0: 1329.09; Phase 1: 2150.56; Phase 2: 2540.26; Phase 3: 2789.33
DUKE_688,0,3,104,3802.895263671875,107.41197111387145,219.96180796527074,global,Phase 0: 1121.61; Phase 1: 3203.35; Phase 2: 3720.27; Phase 3: 3802.90
DUKE_691,0,4,89,3032.984130859375,107.41197111387145,219.96180796527074,global,Phase 0: 1533.17; Phase 1: 2157.51; Phase 2: 2613.06; Phase 3: 2693.99; Phase 4: 3032.98
DUKE_693,0,2,88,477.0135498046875,107.41197111387145,219.96180796527074,global,Phase 0: 156.47; Phase 1: 406.90; Phase 2: 477.01; Phase 3: 471.74
DUKE_694,0,3,67,2999.481689453125,107.41197111387145,219.96180796527074,global,Phase 0: 1262.75; Phase 1: 2542.22; Phase 2: 2872.18; Phase 3: 2999.48
DUKE_697,0,2,100,477.5154724121094,107.41197111387145,219.96180796527074,global,Phase 0: 154.82; Phase 1: 417.85; Phase 2: 477.52; Phase 3: 472.92
DUKE_710,0,2,65,76.95074462890625,107.41197111387145,219.96180796527074,global,Phase 0: 38.93; Phase 1: 73.78; Phase 2: 76.95; Phase 3: 74.63; Phase 4: 74.21
DUKE_717,0,3,106,551.4744262695312,107.41197111387145,219.96180796527074,global,Phase 0: 235.21; Phase 1: 527.35; Phase 2: 524.33; Phase 3: 551.47; Phase 4: 540.75
DUKE_718,0,3,54,325.20526123046875,107.41197111387145,219.96180796527074,global,Phase 0: 131.60; Phase 1: 278.10; Phase 2: 320.08; Phase 3: 325.21
DUKE_723,0,4,89,4318.46484375,107.41197111387145,219.96180796527074,global,Phase 0: 1778.08; Phase 1: 3702.09; Phase 2: 4194.98; Phase 3: 4302.29; Phase 4: 4318.46
DUKE_724,0,3,85,388.3103942871094,107.41197111387145,219.96180796527074,global,Phase 0: 143.93; Phase 1: 371.19; Phase 2: 386.01; Phase 3: 388.31
DUKE_725,0,3,64,313.86859130859375,107.41197111387145,219.96180796527074,global,Phase 0: 193.15; Phase 1: 273.44; Phase 2: 308.18; Phase 3: 313.87
DUKE_735,0,2,51,3463.005615234375,107.41197111387145,219.96180796527074,global,Phase 0: 1096.11; Phase 1: 3376.19; Phase 2: 3463.01; Phase 3: 3321.03; Phase 4: 2883.95
DUKE_746,0,2,73,4981.84423828125,107.41197111387145,219.96180796527074,global,Phase 0: 2051.46; Phase 1: 4944.33; Phase 2: 4981.84; Phase 3: 4849.72; Phase 4: 4706.08
DUKE_751,0,3,82,2808.9697265625,107.41197111387145,219.96180796527074,global,Phase 0: 1213.84; Phase 1: 2675.94; Phase 2: 2650.53; Phase 3: 2808.97
DUKE_754,0,3,104,410.01654052734375,107.41197111387145,219.96180796527074,global,Phase 0: 168.03; Phase 1: 332.47; Phase 2: 405.60; Phase 3: 410.02
DUKE_757,0,1,96,3743.32080078125,107.41197111387145,219.96180796527074,global,Phase 0: 1513.05; Phase 1: 3743.32; Phase 2: 3692.51; Phase 3: 3611.19
DUKE_758,0,2,90,1375.040283203125,107.41197111387145,219.96180796527074,global,Phase 0: 552.56; Phase 1: 1191.50; Phase 2: 1375.04; Phase 3: 1373.61; Phase 4: 1318.94
DUKE_762,0,4,71,920.4376831054688,107.41197111387145,219.96180796527074,global,Phase 0: 595.90; Phase 1: 854.17; Phase 2: 902.61; Phase 3: 905.97; Phase 4: 920.44
DUKE_765,0,3,44,3093.50927734375,107.41197111387145,219.96180796527074,global,Phase 0: 1318.68; Phase 1: 2972.17; Phase 2: 3069.91; Phase 3: 3093.51
DUKE_774,0,3,120,2852.148193359375,107.41197111387145,219.96180796527074,global,Phase 0: 1300.03; Phase 1: 2571.96; Phase 2: 2798.23; Phase 3: 2852.15
DUKE_775,0,4,95,1676.75244140625,107.41197111387145,219.96180796527074,global,Phase 0: 1010.09; Phase 1: 1436.71; Phase 2: 1617.05; Phase 3: 1654.76; Phase 4: 1676.75
DUKE_776,0,3,88,513.5696411132812,107.41197111387145,219.96180796527074,global,Phase 0: 172.23; Phase 1: 440.08; Phase 2: 504.57; Phase 3: 513.57
DUKE_778,0,1,108,261.23223876953125,107.41197111387145,219.96180796527074,global,Phase 0: 82.67; Phase 1: 261.23; Phase 2: 252.63; Phase 3: 235.10
DUKE_780,0,2,131,484.7200012207031,107.41197111387145,219.96180796527074,global,Phase 0: 167.98; Phase 1: 461.09; Phase 2: 484.72; Phase 3: 479.51
DUKE_789,0,2,91,4435.85009765625,107.41197111387145,219.96180796527074,global,Phase 0: 1740.73; Phase 1: 4415.67; Phase 2: 4435.85; Phase 3: 4318.69; Phase 4: 4223.39
DUKE_790,0,3,33,3916.14794921875,107.41197111387145,219.96180796527074,global,Phase 0: 1482.23; Phase 1: 3468.99; Phase 2: 3854.00; Phase 3: 3916.15; Phase 4: 3869.31
DUKE_792,0,2,128,3999.55859375,107.41197111387145,219.96180796527074,global,Phase 0: 1522.94; Phase 1: 3968.74; Phase 2: 3999.56; Phase 3: 3847.94
DUKE_797,0,4,63,362.1677551269531,107.41197111387145,219.96180796527074,global,Phase 0: 182.36; Phase 1: 303.18; Phase 2: 338.97; Phase 3: 353.03; Phase 4: 362.17
DUKE_799,0,2,69,436.9703674316406,107.41197111387145,219.96180796527074,global,Phase 0: 165.48; Phase 1: 410.18; Phase 2: 436.97; Phase 3: 424.32
DUKE_804,0,3,74,4883.638671875,107.41197111387145,219.96180796527074,global,Phase 0: 1645.40; Phase 1: 4702.42; Phase 2: 4863.52; Phase 3: 4883.64; Phase 4: 4801.24
DUKE_805,0,4,50,323.5679016113281,107.41197111387145,219.96180796527074,global,Phase 0: 189.38; Phase 1: 287.65; Phase 2: 308.29; Phase 3: 316.44; Phase 4: 323.57
DUKE_809,0,1,106,1848.6082763671875,107.41197111387145,219.96180796527074,global,Phase 0: 737.94; Phase 1: 1848.61; Phase 2: 1809.27; Phase 3: 1748.18
DUKE_812,0,2,86,4121.865234375,107.41197111387145,219.96180796527074,global,Phase 0: 1503.70; Phase 1: 3662.15; Phase 2: 4121.87; Phase 3: 4106.76; Phase 4: 4061.51
DUKE_816,0,3,48,4659.56884765625,107.41197111387145,219.96180796527074,global,Phase 0: 1587.02; Phase 1: 3889.65; Phase 2: 4520.03; Phase 3: 4659.57; Phase 4: 4656.96
DUKE_817,0,3,86,3229.2333984375,107.41197111387145,219.96180796527074,global,Phase 0: 1161.25; Phase 1: 2885.10; Phase 2: 3180.49; Phase 3: 3229.23
DUKE_822,0,3,93,2308.96875,107.41197111387145,219.96180796527074,global,Phase 0: 1062.99; Phase 1: 1636.86; Phase 2: 2047.80; Phase 3: 2308.97
DUKE_830,0,3,93,311.1348876953125,107.41197111387145,219.96180796527074,global,Phase 0: 121.28; Phase 1: 274.15; Phase 2: 305.26; Phase 3: 311.13
DUKE_831,0,3,106,2853.8095703125,107.41197111387145,219.96180796527074,global,Phase 0: 1051.18; Phase 1: 2433.28; Phase 2: 2739.97; Phase 3: 2853.81
DUKE_832,0,3,84,3221.5341796875,107.41197111387145,219.96180796527074,global,Phase 0: 1338.20; Phase 1: 2880.23; Phase 2: 3140.28; Phase 3: 3221.53; Phase 4: 3191.27
DUKE_833,0,2,69,1837.189697265625,107.41197111387145,219.96180796527074,global,Phase 0: 912.78; Phase 1: 1775.36; Phase 2: 1837.19; Phase 3: 1797.77
DUKE_834,0,2,73,3859.27783203125,107.41197111387145,219.96180796527074,global,Phase 0: 1380.23; Phase 1: 3839.64; Phase 2: 3859.28; Phase 3: 3842.05; Phase 4: 3783.93
DUKE_836,0,3,31,2638.601318359375,107.41197111387145,219.96180796527074,global,Phase 0: 1423.31; Phase 1: 2414.54; Phase 2: 2620.02; Phase 3: 2638.60; Phase 4: 2573.15
DUKE_839,0,3,99,1355.715087890625,107.41197111387145,219.96180796527074,global,Phase 0: 741.96; Phase 1: 1137.83; Phase 2: 1254.37; Phase 3: 1355.72
DUKE_847,0,2,31,125.47217559814453,107.41197111387145,219.96180796527074,global,Phase 0: 47.01; Phase 1: 117.43; Phase 2: 125.47; Phase 3: 123.92; Phase 4: 122.13
DUKE_850,0,3,90,202.8391876220703,107.41197111387145,219.96180796527074,global,Phase 0: 119.48; Phase 1: 179.73; Phase 2: 196.01; Phase 3: 202.84
DUKE_860,0,2,92,3944.962646484375,107.41197111387145,219.96180796527074,global,Phase 0: 1453.68; Phase 1: 3937.21; Phase 2: 3944.96; Phase 3: 3777.95; Phase 4: 3656.61
DUKE_865,0,1,69,4602.36328125,107.41197111387145,219.96180796527074,global,Phase 0: 1401.10; Phase 1: 4602.36; Phase 2: 4501.28; Phase 3: 4164.24; Phase 4: 3904.31
DUKE_869,0,2,44,1084.19482421875,107.41197111387145,219.96180796527074,global,Phase 0: 688.98; Phase 1: 1024.32; Phase 2: 1084.19; Phase 3: 1065.19; Phase 4: 1057.38
DUKE_873,0,2,84,3530.435302734375,107.41197111387145,219.96180796527074,global,Phase 0: 1378.72; Phase 1: 3034.85; Phase 2: 3530.44; Phase 3: 3484.94
DUKE_874,0,2,82,1920.6295166015625,107.41197111387145,219.96180796527074,global,Phase 0: 596.40; Phase 1: 1880.45; Phase 2: 1920.63; Phase 3: 1866.29
DUKE_879,0,3,63,4126.31591796875,107.41197111387145,219.96180796527074,global,Phase 0: 1752.09; Phase 1: 3636.87; Phase 2: 3756.94; Phase 3: 4126.32; Phase 4: 3990.95
DUKE_882,0,2,84,4480.15283203125,107.41197111387145,219.96180796527074,global,Phase 0: 1791.80; Phase 1: 4462.50; Phase 2: 4480.15; Phase 3: 4373.48; Phase 4: 4425.75
DUKE_883,0,1,62,176.16224670410156,107.41197111387145,219.96180796527074,global,Phase 0: 65.04; Phase 1: 176.16; Phase 2: 173.95; Phase 3: 165.06; Phase 4: 158.83
DUKE_884,0,2,84,4188.43896484375,107.41197111387145,219.96180796527074,global,Phase 0: 1762.78; Phase 1: 4027.85; Phase 2: 4188.44; Phase 3: 4187.17; Phase 4: 4130.27
DUKE_885,0,3,112,2801.915771484375,107.41197111387145,219.96180796527074,global,Phase 0: 1020.21; Phase 1: 2572.93; Phase 2: 2798.43; Phase 3: 2801.92
DUKE_886,0,2,83,300.1910705566406,107.41197111387145,219.96180796527074,global,Phase 0: 79.11; Phase 1: 298.17; Phase 2: 300.19; Phase 3: 275.72
DUKE_891,0,1,59,1827.041259765625,107.41197111387145,219.96180796527074,global,Phase 0: 623.88; Phase 1: 1827.04; Phase 2: 1820.35; Phase 3: 1798.06
DUKE_899,0,3,49,4149.32373046875,107.41197111387145,219.96180796527074,global,Phase 0: 1578.14; Phase 1: 3521.61; Phase 2: 4050.01; Phase 3: 4149.32; Phase 4: 4131.35
DUKE_907,0,2,63,236.23779296875,107.41197111387145,219.96180796527074,global,Phase 0: 92.03; Phase 1: 231.11; Phase 2: 236.24; Phase 3: 230.77; Phase 4: 231.73
DUKE_914,0,3,79,4771.56298828125,107.41197111387145,219.96180796527074,global,Phase 0: 1666.53; Phase 1: 4413.67; Phase 2: 4758.09; Phase 3: 4771.56
DUKE_915,0,3,83,1926.970947265625,107.41197111387145,219.96180796527074,global,Phase 0: 743.94; Phase 1: 1762.21; Phase 2: 1899.71; Phase 3: 1926.97
DUKE_916,0,2,95,1615.8101806640625,107.41197111387145,219.96180796527074,global,Phase 0: 648.00; Phase 1: 1555.20; Phase 2: 1615.81; Phase 3: 1534.98
DUKE_917,0,2,66,3266.766845703125,107.41197111387145,219.96180796527074,global,Phase 0: 1233.59; Phase 1: 2974.33; Phase 2: 3266.77; Phase 3: 3227.63
ISPY1_1001,0,2,33,156.3212127685547,107.41197111387145,219.96180796527074,global,Phase 0: 80.73; Phase 1: 142.49; Phase 2: 156.32
ISPY1_1002,0,1,39,146.005126953125,107.41197111387145,219.96180796527074,global,Phase 0: 63.77; Phase 1: 146.01; Phase 2: 133.23
ISPY1_1003,0,1,31,130.54214477539062,107.41197111387145,219.96180796527074,global,Phase 0: 64.31; Phase 1: 130.54; Phase 2: 125.76
ISPY1_1004,0,1,30,230.44668579101562,107.41197111387145,219.96180796527074,global,Phase 0: 89.63; Phase 1: 230.45; Phase 2: 221.34
ISPY1_1005,0,1,20,302.9306945800781,107.41197111387145,219.96180796527074,global,Phase 0: 95.05; Phase 1: 302.93; Phase 2: 293.01
ISPY1_1007,0,2,32,298.76971435546875,107.41197111387145,219.96180796527074,global,Phase 0: 118.72; Phase 1: 286.55; Phase 2: 298.77
ISPY1_1008,0,2,21,153.94570922851562,107.41197111387145,219.96180796527074,global,Phase 0: 81.59; Phase 1: 152.09; Phase 2: 153.95
ISPY1_1009,0,1,26,140.53323364257812,107.41197111387145,219.96180796527074,global,Phase 0: 69.41; Phase 1: 140.53; Phase 2: 136.15
ISPY1_1010,0,2,19,152.73489379882812,107.41197111387145,219.96180796527074,global,Phase 0: 73.07; Phase 1: 146.87; Phase 2: 152.73
ISPY1_1011,0,1,38,154.35350036621094,107.41197111387145,219.96180796527074,global,Phase 0: 73.70; Phase 1: 154.35; Phase 2: 146.49
ISPY1_1012,0,2,32,156.0287628173828,107.41197111387145,219.96180796527074,global,Phase 0: 67.34; Phase 1: 155.83; Phase 2: 156.03
ISPY1_1013,0,2,26,226.32127380371094,107.41197111387145,219.96180796527074,global,Phase 0: 101.44; Phase 1: 215.01; Phase 2: 226.32
ISPY1_1015,0,2,28,113.85294342041016,107.41197111387145,219.96180796527074,global,Phase 0: 56.23; Phase 1: 108.94; Phase 2: 113.85
ISPY1_1016,0,1,31,308.4480285644531,107.41197111387145,219.96180796527074,global,Phase 0: 78.75; Phase 1: 308.45; Phase 2: 226.95; Phase 3: 186.58
ISPY1_1017,0,1,28,144.1320037841797,107.41197111387145,219.96180796527074,global,Phase 0: 67.90; Phase 1: 144.13; Phase 2: 141.15
ISPY1_1021,0,1,23,139.82345581054688,107.41197111387145,219.96180796527074,global,Phase 0: 67.28; Phase 1: 139.82; Phase 2: 138.22
ISPY1_1025,0,1,25,130.28260803222656,107.41197111387145,219.96180796527074,global,Phase 0: 53.86; Phase 1: 130.28; Phase 2: 128.66
ISPY1_1027,0,2,23,128.8708953857422,107.41197111387145,219.96180796527074,global,Phase 0: 38.04; Phase 1: 115.53; Phase 2: 128.87
ISPY1_1029,0,2,44,202.73651123046875,107.41197111387145,219.96180796527074,global,Phase 0: 84.86; Phase 1: 201.85; Phase 2: 202.74
ISPY1_1030,0,2,32,142.56924438476562,107.41197111387145,219.96180796527074,global,Phase 0: 71.88; Phase 1: 141.42; Phase 2: 142.57
ISPY1_1031,0,2,45,165.0287322998047,107.41197111387145,219.96180796527074,global,Phase 0: 90.62; Phase 1: 159.32; Phase 2: 165.03
ISPY1_1032,0,1,47,107.70149993896484,107.41197111387145,219.96180796527074,global,Phase 0: 55.07; Phase 1: 107.70; Phase 2: 103.91
ISPY1_1034,0,1,23,167.61749267578125,107.41197111387145,219.96180796527074,global,Phase 0: 45.58; Phase 1: 167.62; Phase 2: 136.47; Phase 3: 115.09
ISPY1_1035,0,1,26,52.17048645019531,107.41197111387145,219.96180796527074,global,Phase 0: 13.63; Phase 1: 52.17; Phase 2: 46.00; Phase 3: 42.44
ISPY1_1036,0,1,43,92.8803939819336,107.41197111387145,219.96180796527074,global,Phase 0: 36.53; Phase 1: 92.88; Phase 2: 89.22
ISPY1_1037,0,2,16,123.78451538085938,107.41197111387145,219.96180796527074,global,Phase 0: 36.35; Phase 1: 109.82; Phase 2: 123.78; Phase 3: 123.37
ISPY1_1038,0,1,38,162.91583251953125,107.41197111387145,219.96180796527074,global,Phase 0: 51.57; Phase 1: 162.92; Phase 2: 142.72; Phase 3: 133.67
ISPY1_1040,0,1,31,168.384521484375,107.41197111387145,219.96180796527074,global,Phase 0: 78.92; Phase 1: 168.38; Phase 2: 168.14
ISPY1_1041,0,1,18,154.2129669189453,107.41197111387145,219.96180796527074,global,Phase 0: 77.20; Phase 1: 154.21; Phase 2: 148.00
ISPY1_1042,0,2,31,338.85546875,107.41197111387145,219.96180796527074,global,Phase 0: 102.01; Phase 1: 331.51; Phase 2: 338.86; Phase 3: 158.61
ISPY1_1049,0,1,21,114.69928741455078,107.41197111387145,219.96180796527074,global,Phase 0: 38.14; Phase 1: 114.70; Phase 2: 89.97
ISPY1_1051,0,2,37,136.34426879882812,107.41197111387145,219.96180796527074,global,Phase 0: 56.07; Phase 1: 135.82; Phase 2: 136.34
ISPY1_1053,0,2,41,156.05091857910156,107.41197111387145,219.96180796527074,global,Phase 0: 62.13; Phase 1: 146.87; Phase 2: 156.05
ISPY1_1054,0,1,34,212.84503173828125,107.41197111387145,219.96180796527074,global,Phase 0: 62.27; Phase 1: 212.85; Phase 2: 196.79
ISPY1_1056,0,1,22,126.42582702636719,107.41197111387145,219.96180796527074,global,Phase 0: 62.95; Phase 1: 126.43; Phase 2: 125.66
ISPY1_1058,0,2,28,119.46561431884766,107.41197111387145,219.96180796527074,global,Phase 0: 39.38; Phase 1: 119.39; Phase 2: 119.47
ISPY1_1060,0,2,30,2531.84326171875,107.41197111387145,219.96180796527074,global,Phase 0: 856.58; Phase 1: 2520.11; Phase 2: 2531.84; Phase 3: 2474.35; Phase 4: 2453.27; Phase 5: 2414.13
ISPY1_1061,0,1,38,160.3087158203125,107.41197111387145,219.96180796527074,global,Phase 0: 71.71; Phase 1: 160.31; Phase 2: 159.99
ISPY1_1062,0,2,39,146.25787353515625,107.41197111387145,219.96180796527074,global,Phase 0: 66.86; Phase 1: 137.69; Phase 2: 146.26
ISPY1_1064,0,2,29,163.6214141845703,107.41197111387145,219.96180796527074,global,Phase 0: 73.00; Phase 1: 153.53; Phase 2: 163.62
ISPY1_1065,0,2,16,1162.0877685546875,107.41197111387145,219.96180796527074,global,Phase 0: 426.31; Phase 1: 1105.08; Phase 2: 1162.09; Phase 3: 1158.74; Phase 4: 1154.36; Phase 5: 1144.99
ISPY1_1066,0,1,12,151.6243133544922,107.41197111387145,219.96180796527074,global,Phase 0: 40.26; Phase 1: 151.62; Phase 2: 132.03
ISPY1_1067,0,2,35,198.03118896484375,107.41197111387145,219.96180796527074,global,Phase 0: 59.25; Phase 1: 158.07; Phase 2: 198.03
ISPY1_1069,0,1,33,114.64527893066406,107.41197111387145,219.96180796527074,global,Phase 0: 54.67; Phase 1: 114.65; Phase 2: 112.13
ISPY1_1070,0,1,34,154.66542053222656,107.41197111387145,219.96180796527074,global,Phase 0: 63.94; Phase 1: 154.67; Phase 2: 140.73
ISPY1_1072,0,1,23,222.9795379638672,107.41197111387145,219.96180796527074,global,Phase 0: 74.19; Phase 1: 222.98; Phase 2: 213.12
ISPY1_1073,0,2,19,142.3453369140625,107.41197111387145,219.96180796527074,global,Phase 0: 39.73; Phase 1: 128.45; Phase 2: 142.35
ISPY1_1074,0,2,21,390.4427795410156,107.41197111387145,219.96180796527074,global,Phase 0: 146.92; Phase 1: 364.23; Phase 2: 390.44
ISPY1_1075,0,2,28,177.66534423828125,107.41197111387145,219.96180796527074,global,Phase 0: 96.53; Phase 1: 176.68; Phase 2: 177.67
ISPY1_1077,0,1,13,87.3050308227539,107.41197111387145,219.96180796527074,global,Phase 0: 42.40; Phase 1: 87.31; Phase 2: 85.63
ISPY1_1078,0,2,28,112.82036590576172,107.41197111387145,219.96180796527074,global,Phase 0: 67.01; Phase 1: 104.19; Phase 2: 112.82
ISPY1_1082,0,2,40,191.59141540527344,107.41197111387145,219.96180796527074,global,Phase 0: 64.28; Phase 1: 173.55; Phase 2: 191.59
ISPY1_1083,0,2,25,162.22181701660156,107.41197111387145,219.96180796527074,global,Phase 0: 48.69; Phase 1: 156.39; Phase 2: 162.22
ISPY1_1084,0,1,16,688.8572998046875,107.41197111387145,219.96180796527074,global,Phase 0: 260.89; Phase 1: 688.86; Phase 2: 665.78; Phase 3: 633.86
ISPY1_1087,0,1,45,143.7158660888672,107.41197111387145,219.96180796527074,global,Phase 0: 49.43; Phase 1: 143.72; Phase 2: 126.82
ISPY1_1088,0,2,33,133.12942504882812,107.41197111387145,219.96180796527074,global,Phase 0: 68.23; Phase 1: 129.68; Phase 2: 133.13
ISPY1_1089,0,2,38,2261.48486328125,107.41197111387145,219.96180796527074,global,Phase 0: 470.10; Phase 1: 2076.95; Phase 2: 2261.48; Phase 3: 2214.80; Phase 4: 2174.98; Phase 5: 2116.06
ISPY1_1090,0,1,20,175.65110778808594,107.41197111387145,219.96180796527074,global,Phase 0: 73.35; Phase 1: 175.65; Phase 2: 169.62
ISPY1_1094,0,2,40,190.18145751953125,107.41197111387145,219.96180796527074,global,Phase 0: 85.92; Phase 1: 184.15; Phase 2: 190.18
ISPY1_1096,0,1,41,219.21080017089844,107.41197111387145,219.96180796527074,global,Phase 0: 63.75; Phase 1: 219.21; Phase 2: 184.74
ISPY1_1097,0,1,29,142.73031616210938,107.41197111387145,219.96180796527074,global,Phase 0: 51.55; Phase 1: 142.73; Phase 2: 136.41
ISPY1_1098,0,2,22,3011.507080078125,107.41197111387145,219.96180796527074,global,Phase 0: 725.64; Phase 1: 2811.18; Phase 2: 3011.51; Phase 3: 2894.69; Phase 4: 2836.23; Phase 5: 2732.31
ISPY1_1099,0,2,24,84.49346923828125,107.41197111387145,219.96180796527074,global,Phase 0: 41.62; Phase 1: 79.82; Phase 2: 84.49
ISPY1_1100,0,2,23,132.7827911376953,107.41197111387145,219.96180796527074,global,Phase 0: 52.95; Phase 1: 131.93; Phase 2: 132.78
ISPY1_1101,0,2,53,161.42059326171875,107.41197111387145,219.96180796527074,global,Phase 0: 72.82; Phase 1: 155.80; Phase 2: 161.42
ISPY1_1102,0,1,51,87.74385833740234,107.41197111387145,219.96180796527074,global,Phase 0: 26.26; Phase 1: 87.74; Phase 2: 70.84
ISPY1_1103,0,2,13,258.956298828125,107.41197111387145,219.96180796527074,global,Phase 0: 77.49; Phase 1: 234.66; Phase 2: 258.96
ISPY1_1104,0,2,41,2553.364501953125,107.41197111387145,219.96180796527074,global,Phase 0: 655.18; Phase 1: 2487.42; Phase 2: 2553.36; Phase 3: 2454.27; Phase 4: 2347.66; Phase 5: 2286.49
ISPY1_1106,0,2,25,2377.5244140625,107.41197111387145,219.96180796527074,global,Phase 0: 663.96; Phase 1: 2305.75; Phase 2: 2377.52; Phase 3: 1970.27; Phase 4: 1914.75; Phase 5: 1958.23
ISPY1_1107,0,1,35,183.33172607421875,107.41197111387145,219.96180796527074,global,Phase 0: 57.93; Phase 1: 183.33; Phase 2: 158.80
ISPY1_1112,0,1,16,149.0800323486328,107.41197111387145,219.96180796527074,global,Phase 0: 39.28; Phase 1: 149.08; Phase 2: 147.16
ISPY1_1114,0,2,29,100.55164337158203,107.41197111387145,219.96180796527074,global,Phase 0: 38.85; Phase 1: 77.70; Phase 2: 100.55
ISPY1_1117,0,2,26,133.6715545654297,107.41197111387145,219.96180796527074,global,Phase 0: 53.67; Phase 1: 127.81; Phase 2: 133.67
ISPY1_1122,0,2,25,153.55714416503906,107.41197111387145,219.96180796527074,global,Phase 0: 35.68; Phase 1: 151.29; Phase 2: 153.56
ISPY1_1123,0,1,20,156.15818786621094,107.41197111387145,219.96180796527074,global,Phase 0: 45.19; Phase 1: 156.16; Phase 2: 155.55
ISPY1_1124,0,2,37,4920.52685546875,107.41197111387145,219.96180796527074,global,Phase 0: 1313.15; Phase 1: 4823.49; Phase 2: 4920.53; Phase 3: 4909.90; Phase 4: 4718.79; Phase 5: 4651.37
ISPY1_1125,0,2,16,2463.581298828125,107.41197111387145,219.96180796527074,global,Phase 0: 1016.46; Phase 1: 2207.44; Phase 2: 2463.58; Phase 3: 2319.09; Phase 4: 2382.07; Phase 5: 2457.14
ISPY1_1127,0,2,30,111.77496337890625,107.41197111387145,219.96180796527074,global,Phase 0: 55.35; Phase 1: 106.16; Phase 2: 111.77
ISPY1_1128,0,1,27,127.59036254882812,107.41197111387145,219.96180796527074,global,Phase 0: 64.92; Phase 1: 127.59; Phase 2: 119.12
ISPY1_1129,0,1,22,637.9727172851562,107.41197111387145,219.96180796527074,global,Phase 0: 174.08; Phase 1: 637.97; Phase 2: 532.11
ISPY1_1130,0,1,36,92.97716522216797,107.41197111387145,219.96180796527074,global,Phase 0: 38.21; Phase 1: 92.98; Phase 2: 85.02
ISPY1_1132,0,1,17,118.42166137695312,107.41197111387145,219.96180796527074,global,Phase 0: 57.95; Phase 1: 118.42; Phase 2: 118.25
ISPY1_1134,0,1,25,92.06295013427734,107.41197111387145,219.96180796527074,global,Phase 0: 43.84; Phase 1: 92.06; Phase 2: 90.92
ISPY1_1135,0,1,40,135.8449249267578,107.41197111387145,219.96180796527074,global,Phase 0: 63.64; Phase 1: 135.84; Phase 2: 131.43
ISPY1_1136,0,2,34,144.803955078125,107.41197111387145,219.96180796527074,global,Phase 0: 43.35; Phase 1: 133.33; Phase 2: 144.80
ISPY1_1137,0,1,45,106.24897766113281,107.41197111387145,219.96180796527074,global,Phase 0: 43.34; Phase 1: 106.25; Phase 2: 105.92
ISPY1_1139,0,1,36,238.41751098632812,107.41197111387145,219.96180796527074,global,Phase 0: 48.44; Phase 1: 238.42; Phase 2: 179.27
ISPY1_1140,0,2,14,92.28519439697266,107.41197111387145,219.96180796527074,global,Phase 0: 39.52; Phase 1: 88.79; Phase 2: 92.29
ISPY1_1141,0,2,30,2037.8409423828125,107.41197111387145,219.96180796527074,global,Phase 0: 815.23; Phase 1: 2020.27; Phase 2: 2037.84
ISPY1_1142,0,1,18,141.95285034179688,107.41197111387145,219.96180796527074,global,Phase 0: 38.78; Phase 1: 141.95; Phase 2: 141.13
ISPY1_1144,0,1,22,45.866859436035156,107.41197111387145,219.96180796527074,global,Phase 0: 13.33; Phase 1: 45.87; Phase 2: 41.94
ISPY1_1145,0,2,36,113.41484832763672,107.41197111387145,219.96180796527074,global,Phase 0: 32.84; Phase 1: 110.30; Phase 2: 113.41
ISPY1_1146,0,2,28,156.50111389160156,107.41197111387145,219.96180796527074,global,Phase 0: 46.35; Phase 1: 151.36; Phase 2: 156.50
ISPY1_1147,0,2,25,91.5966567993164,107.41197111387145,219.96180796527074,global,Phase 0: 45.46; Phase 1: 91.01; Phase 2: 91.60
ISPY1_1148,0,1,43,214.02171325683594,107.41197111387145,219.96180796527074,global,Phase 0: 69.38; Phase 1: 214.02; Phase 2: 197.20; Phase 3: 52.10
ISPY1_1149,0,1,24,224.30154418945312,107.41197111387145,219.96180796527074,global,Phase 0: 69.67; Phase 1: 224.30; Phase 2: 211.60
ISPY1_1150,0,1,37,249.666259765625,107.41197111387145,219.96180796527074,global,Phase 0: 81.04; Phase 1: 249.67; Phase 2: 227.54
ISPY1_1151,0,2,31,185.7021026611328,107.41197111387145,219.96180796527074,global,Phase 0: 54.17; Phase 1: 179.96; Phase 2: 185.70
ISPY1_1152,0,2,36,91.2286148071289,107.41197111387145,219.96180796527074,global,Phase 0: 37.78; Phase 1: 85.18; Phase 2: 91.23
ISPY1_1155,0,1,27,252.16940307617188,107.41197111387145,219.96180796527074,global,Phase 0: 76.80; Phase 1: 252.17; Phase 2: 226.61
ISPY1_1156,0,1,29,131.72055053710938,107.41197111387145,219.96180796527074,global,Phase 0: 39.76; Phase 1: 131.72; Phase 2: 125.89
ISPY1_1157,0,1,16,161.65980529785156,107.41197111387145,219.96180796527074,global,Phase 0: 68.02; Phase 1: 161.66; Phase 2: 160.96
ISPY1_1158,0,2,35,157.2392578125,107.41197111387145,219.96180796527074,global,Phase 0: 72.64; Phase 1: 156.28; Phase 2: 157.24
ISPY1_1159,0,2,17,202.21775817871094,107.41197111387145,219.96180796527074,global,Phase 0: 77.90; Phase 1: 197.44; Phase 2: 202.22
ISPY1_1160,0,2,201,447.2017517089844,107.41197111387145,219.96180796527074,global,Phase 0: 184.35; Phase 1: 441.01; Phase 2: 447.20; Phase 3: 445.21
ISPY1_1161,0,1,42,113.19877624511719,107.41197111387145,219.96180796527074,global,Phase 0: 36.37; Phase 1: 113.20; Phase 2: 101.12; Phase 3: 98.04
ISPY1_1163,0,1,17,132.4709930419922,107.41197111387145,219.96180796527074,global,Phase 0: 42.30; Phase 1: 132.47; Phase 2: 132.27
ISPY1_1164,0,1,25,287.7315979003906,107.41197111387145,219.96180796527074,global,Phase 0: 89.10; Phase 1: 287.73; Phase 2: 241.42
ISPY1_1165,0,2,46,3544.90234375,107.41197111387145,219.96180796527074,global,Phase 0: 983.06; Phase 1: 3201.85; Phase 2: 3544.90; Phase 3: 3513.42; Phase 4: 3452.48; Phase 5: 3372.83
ISPY1_1166,0,2,32,145.5469207763672,107.41197111387145,219.96180796527074,global,Phase 0: 49.60; Phase 1: 122.76; Phase 2: 145.55
ISPY1_1167,0,3,194,291.5946044921875,107.41197111387145,219.96180796527074,global,Phase 0: 155.28; Phase 1: 270.50; Phase 2: 284.98; Phase 3: 291.59
ISPY1_1168,0,1,23,97.40325164794922,107.41197111387145,219.96180796527074,global,Phase 0: 46.86; Phase 1: 97.40; Phase 2: 95.05
ISPY1_1169,0,1,16,223.83413696289062,107.41197111387145,219.96180796527074,global,Phase 0: 89.39; Phase 1: 223.83; Phase 2: 205.81
ISPY1_1171,0,1,43,156.8244171142578,107.41197111387145,219.96180796527074,global,Phase 0: 70.76; Phase 1: 156.82; Phase 2: 152.19
ISPY1_1172,0,2,35,119.86213684082031,107.41197111387145,219.96180796527074,global,Phase 0: 39.26; Phase 1: 110.96; Phase 2: 119.86
ISPY1_1173,0,2,26,1657.9571533203125,107.41197111387145,219.96180796527074,global,Phase 0: 473.38; Phase 1: 1582.23; Phase 2: 1657.96; Phase 3: 1652.32
ISPY1_1174,0,1,31,157.58877563476562,107.41197111387145,219.96180796527074,global,Phase 0: 45.46; Phase 1: 157.59; Phase 2: 154.40
ISPY1_1175,0,2,34,195.9207763671875,107.41197111387145,219.96180796527074,global,Phase 0: 59.53; Phase 1: 185.40; Phase 2: 195.92
ISPY1_1176,0,1,18,106.2763442993164,107.41197111387145,219.96180796527074,global,Phase 0: 30.26; Phase 1: 106.28; Phase 2: 101.84
ISPY1_1177,0,2,47,74.66419982910156,107.41197111387145,219.96180796527074,global,Phase 0: 33.60; Phase 1: 66.88; Phase 2: 74.66
ISPY1_1179,0,2,26,122.34791564941406,107.41197111387145,219.96180796527074,global,Phase 0: 55.86; Phase 1: 120.92; Phase 2: 122.35
ISPY1_1180,0,1,14,2031.79052734375,107.41197111387145,219.96180796527074,global,Phase 0: 891.44; Phase 1: 2031.79; Phase 2: 1982.02; Phase 3: 1953.01
ISPY1_1181,0,2,27,208.23333740234375,107.41197111387145,219.96180796527074,global,Phase 0: 77.61; Phase 1: 205.75; Phase 2: 208.23
ISPY1_1182,0,1,202,399.0776062011719,107.41197111387145,219.96180796527074,global,Phase 0: 200.83; Phase 1: 399.08; Phase 2: 385.67; Phase 3: 372.70; Phase 4: 362.12; Phase 5: 358.27
ISPY1_1183,0,2,26,137.0901336669922,107.41197111387145,219.96180796527074,global,Phase 0: 54.76; Phase 1: 104.82; Phase 2: 137.09
ISPY1_1184,0,3,18,1855.6385498046875,107.41197111387145,219.96180796527074,global,Phase 0: 685.65; Phase 1: 1495.14; Phase 2: 1828.62; Phase 3: 1855.64; Phase 4: 1836.37; Phase 5: 1805.75
ISPY1_1185,0,2,44,124.5644760131836,107.41197111387145,219.96180796527074,global,Phase 0: 52.87; Phase 1: 124.24; Phase 2: 124.56
ISPY1_1187,0,1,32,232.14297485351562,107.41197111387145,219.96180796527074,global,Phase 0: 95.52; Phase 1: 232.14; Phase 2: 226.56
ISPY1_1188,0,1,23,132.31263732910156,107.41197111387145,219.96180796527074,global,Phase 0: 45.04; Phase 1: 132.31; Phase 2: 127.52; Phase 3: 122.11
ISPY1_1189,0,2,36,191.9516143798828,107.41197111387145,219.96180796527074,global,Phase 0: 108.31; Phase 1: 188.67; Phase 2: 191.95
ISPY1_1191,0,1,35,143.32391357421875,107.41197111387145,219.96180796527074,global,Phase 0: 36.47; Phase 1: 143.32; Phase 2: 112.36
ISPY1_1192,0,1,17,118.7173080444336,107.41197111387145,219.96180796527074,global,Phase 0: 39.43; Phase 1: 118.72; Phase 2: 105.35
ISPY1_1193,0,2,26,187.60525512695312,107.41197111387145,219.96180796527074,global,Phase 0: 66.03; Phase 1: 173.52; Phase 2: 187.61
ISPY1_1194,0,2,26,85.89046478271484,107.41197111387145,219.96180796527074,global,Phase 0: 19.58; Phase 1: 83.77; Phase 2: 85.89
ISPY1_1196,0,2,25,154.6006317138672,107.41197111387145,219.96180796527074,global,Phase 0: 40.73; Phase 1: 137.46; Phase 2: 154.60; Phase 3: 139.98
ISPY1_1197,0,1,32,231.9481658935547,107.41197111387145,219.96180796527074,global,Phase 0: 121.20; Phase 1: 231.95; Phase 2: 229.61
ISPY1_1198,0,2,20,1694.712890625,107.41197111387145,219.96180796527074,global,Phase 0: 688.62; Phase 1: 1407.58; Phase 2: 1694.71
ISPY1_1199,0,2,27,136.19256591796875,107.41197111387145,219.96180796527074,global,Phase 0: 59.59; Phase 1: 132.94; Phase 2: 136.19
ISPY1_1201,0,2,21,216.25270080566406,107.41197111387145,219.96180796527074,global,Phase 0: 81.07; Phase 1: 193.72; Phase 2: 216.25
ISPY1_1202,0,2,20,125.3031234741211,107.41197111387145,219.96180796527074,global,Phase 0: 43.34; Phase 1: 120.07; Phase 2: 125.30
ISPY1_1203,0,1,21,267.0722961425781,107.41197111387145,219.96180796527074,global,Phase 0: 88.13; Phase 1: 267.07; Phase 2: 250.13
ISPY1_1204,0,2,41,185.5115966796875,107.41197111387145,219.96180796527074,global,Phase 0: 86.83; Phase 1: 174.50; Phase 2: 185.51
ISPY1_1207,0,2,32,177.4993438720703,107.41197111387145,219.96180796527074,global,Phase 0: 94.57; Phase 1: 169.94; Phase 2: 177.50
ISPY1_1208,0,2,31,129.80564880371094,107.41197111387145,219.96180796527074,global,Phase 0: 63.29; Phase 1: 114.81; Phase 2: 129.81
ISPY1_1209,0,1,36,129.62857055664062,107.41197111387145,219.96180796527074,global,Phase 0: 37.33; Phase 1: 129.63; Phase 2: 113.76
ISPY1_1210,0,2,28,304.59930419921875,107.41197111387145,219.96180796527074,global,Phase 0: 85.96; Phase 1: 280.99; Phase 2: 304.60
ISPY1_1212,0,1,27,2483.75048828125,107.41197111387145,219.96180796527074,global,Phase 0: 748.90; Phase 1: 2483.75; Phase 2: 2370.71; Phase 3: 2232.58; Phase 4: 2115.87; Phase 5: 2012.84
ISPY1_1215,0,5,42,2864.091796875,107.41197111387145,219.96180796527074,global,Phase 0: 1069.76; Phase 1: 2541.95; Phase 2: 2767.68; Phase 3: 2809.83; Phase 4: 2833.07; Phase 5: 2864.09
ISPY1_1216,0,2,26,157.04690551757812,107.41197111387145,219.96180796527074,global,Phase 0: 93.90; Phase 1: 137.69; Phase 2: 157.05
ISPY1_1217,0,2,34,2030.46875,107.41197111387145,219.96180796527074,global,Phase 0: 617.11; Phase 1: 1760.27; Phase 2: 2030.47
ISPY1_1218,0,2,24,162.27032470703125,107.41197111387145,219.96180796527074,global,Phase 0: 70.14; Phase 1: 146.57; Phase 2: 162.27
ISPY1_1219,0,1,35,788.4083862304688,107.41197111387145,219.96180796527074,global,Phase 0: 274.00; Phase 1: 788.41; Phase 2: 763.61
ISPY1_1220,0,2,46,197.6421661376953,107.41197111387145,219.96180796527074,global,Phase 0: 80.07; Phase 1: 189.37; Phase 2: 197.64
ISPY1_1221,0,2,28,154.15557861328125,107.41197111387145,219.96180796527074,global,Phase 0: 63.73; Phase 1: 133.57; Phase 2: 154.16
ISPY1_1222,0,2,17,114.12452697753906,107.41197111387145,219.96180796527074,global,Phase 0: 61.21; Phase 1: 104.99; Phase 2: 114.12
ISPY1_1223,0,1,41,295.7203063964844,107.41197111387145,219.96180796527074,global,Phase 0: 136.69; Phase 1: 295.72; Phase 2: 294.68
ISPY1_1224,0,1,26,214.03067016601562,107.41197111387145,219.96180796527074,global,Phase 0: 69.75; Phase 1: 214.03; Phase 2: 213.12
ISPY1_1225,0,1,37,452.7242126464844,107.41197111387145,219.96180796527074,global,Phase 0: 167.73; Phase 1: 452.72; Phase 2: 440.04
ISPY1_1226,0,1,39,70.93161010742188,107.41197111387145,219.96180796527074,global,Phase 0: 34.41; Phase 1: 70.93; Phase 2: 64.74
ISPY1_1227,0,2,46,152.28411865234375,107.41197111387145,219.96180796527074,global,Phase 0: 78.33; Phase 1: 123.96; Phase 2: 152.28
ISPY1_1228,0,2,194,1081.50439453125,107.41197111387145,219.96180796527074,global,Phase 0: 769.13; Phase 1: 1005.34; Phase 2: 1081.50
ISPY1_1229,0,2,26,74.59783935546875,107.41197111387145,219.96180796527074,global,Phase 0: 47.31; Phase 1: 66.14; Phase 2: 74.60
ISPY1_1230,0,1,9,280.6094665527344,107.41197111387145,219.96180796527074,global,Phase 0: 100.07; Phase 1: 280.61; Phase 2: 264.11
ISPY1_1231,0,2,24,82.69330596923828,107.41197111387145,219.96180796527074,global,Phase 0: 34.17; Phase 1: 75.33; Phase 2: 82.69
ISPY1_1233,0,1,20,145.84426879882812,107.41197111387145,219.96180796527074,global,Phase 0: 45.33; Phase 1: 145.84; Phase 2: 136.03
ISPY1_1234,0,2,36,142.8853302001953,107.41197111387145,219.96180796527074,global,Phase 0: 44.58; Phase 1: 140.83; Phase 2: 142.89
ISPY1_1235,0,1,25,145.8819580078125,107.41197111387145,219.96180796527074,global,Phase 0: 45.61; Phase 1: 145.88; Phase 2: 138.62
ISPY1_1236,0,2,29,117.70668029785156,107.41197111387145,219.96180796527074,global,Phase 0: 50.65; Phase 1: 108.52; Phase 2: 117.71
ISPY1_1237,0,2,27,110.36035919189453,107.41197111387145,219.96180796527074,global,Phase 0: 44.09; Phase 1: 98.12; Phase 2: 110.36
ISPY1_1238,0,1,23,668.9322509765625,107.41197111387145,219.96180796527074,global,Phase 0: 183.67; Phase 1: 668.93; Phase 2: 575.96
ISPY1_1239,0,2,24,71.16954803466797,107.41197111387145,219.96180796527074,global,Phase 0: 36.59; Phase 1: 62.23; Phase 2: 71.17
ISPY2_100899,0,5,50,1599.0484619140625,107.41197111387145,219.96180796527074,global,Phase 0: 726.51; Phase 1: 1072.06; Phase 2: 1410.47; Phase 3: 1540.28; Phase 4: 1589.73; Phase 5: 1599.05
ISPY2_102011,0,2,40,785.66650390625,107.41197111387145,219.96180796527074,global,Phase 0: 420.55; Phase 1: 772.26; Phase 2: 785.67; Phase 3: 769.48; Phase 4: 749.17; Phase 5: 744.20
ISPY2_102212,0,4,37,1345.6038818359375,107.41197111387145,219.96180796527074,global,Phase 0: 606.22; Phase 1: 1081.52; Phase 2: 1298.04; Phase 3: 1331.03; Phase 4: 1345.60; Phase 5: 1331.26
ISPY2_103693,0,4,27,1639.8106689453125,107.41197111387145,219.96180796527074,global,Phase 0: 685.30; Phase 1: 1238.49; Phase 2: 1554.39; Phase 3: 1603.24; Phase 4: 1639.81; Phase 5: 1639.73
ISPY2_103939,0,4,32,419.9096984863281,107.41197111387145,219.96180796527074,global,Phase 0: 178.03; Phase 1: 386.22; Phase 2: 416.27; Phase 3: 418.51; Phase 4: 419.91; Phase 5: 413.70
ISPY2_104268,0,2,49,522.1221313476562,107.41197111387145,219.96180796527074,global,Phase 0: 129.40; Phase 1: 459.61; Phase 2: 522.12; Phase 3: 501.03; Phase 4: 479.25; Phase 5: 468.18
ISPY2_104384,0,5,35,132.11172485351562,107.41197111387145,219.96180796527074,global,Phase 0: 82.18; Phase 1: 109.81; Phase 2: 123.70; Phase 3: 128.61; Phase 4: 131.81; Phase 5: 132.11
ISPY2_105286,0,5,56,465.8080749511719,107.41197111387145,219.96180796527074,global,Phase 0: 209.48; Phase 1: 270.02; Phase 2: 401.61; Phase 3: 442.18; Phase 4: 463.26; Phase 5: 465.81
ISPY2_105513,0,2,90,503.8220520019531,107.41197111387145,219.96180796527074,global,Phase 0: 200.40; Phase 1: 439.33; Phase 2: 503.82; Phase 3: 502.36; Phase 4: 494.54; Phase 5: 492.39
ISPY2_107700,0,2,40,449.2857360839844,107.41197111387145,219.96180796527074,global,Phase 0: 231.20; Phase 1: 415.83; Phase 2: 449.29; Phase 3: 446.83; Phase 4: 443.05; Phase 5: 434.54
ISPY2_108939,0,3,63,294.822998046875,107.41197111387145,219.96180796527074,global,Phase 0: 142.12; Phase 1: 254.97; Phase 2: 288.88; Phase 3: 294.82; Phase 4: 293.61; Phase 5: 291.87
ISPY2_108969,0,5,45,447.14324951171875,107.41197111387145,219.96180796527074,global,Phase 0: 149.54; Phase 1: 322.04; Phase 2: 429.80; Phase 3: 444.70; Phase 4: 447.04; Phase 5: 447.14
ISPY2_109623,0,5,44,804.9066162109375,107.41197111387145,219.96180796527074,global,Phase 0: 500.31; Phase 1: 628.74; Phase 2: 751.43; Phase 3: 783.77; Phase 4: 790.30; Phase 5: 804.91
ISPY2_109874,0,5,60,1178.5538330078125,107.41197111387145,219.96180796527074,global,Phase 0: 446.95; Phase 1: 1013.35; Phase 2: 1167.31; Phase 3: 1154.10; Phase 4: 1177.67; Phase 5: 1178.55
ISPY2_109980,0,5,41,1896.00244140625,107.41197111387145,219.96180796527074,global,Phase 0: 827.67; Phase 1: 1060.07; Phase 2: 1715.12; Phase 3: 1842.23; Phase 4: 1894.82; Phase 5: 1896.00
ISPY2_111004,0,3,55,341.825927734375,107.41197111387145,219.96180796527074,global,Phase 0: 131.77; Phase 1: 310.37; Phase 2: 340.76; Phase 3: 341.83; Phase 4: 337.51; Phase 5: 331.22
ISPY2_111038,0,4,40,1248.514404296875,107.41197111387145,219.96180796527074,global,Phase 0: 647.66; Phase 1: 1031.38; Phase 2: 1174.85; Phase 3: 1219.30; Phase 4: 1248.51; Phase 5: 1238.40
ISPY2_111344,0,5,85,1866.2630615234375,107.41197111387145,219.96180796527074,global,Phase 0: 744.50; Phase 1: 986.92; Phase 2: 1743.38; Phase 3: 1830.88; Phase 4: 1854.04; Phase 5: 1866.26
ISPY2_111646,0,5,35,177.82447814941406,107.41197111387145,219.96180796527074,global,Phase 0: 80.12; Phase 1: 138.81; Phase 2: 161.06; Phase 3: 171.12; Phase 4: 177.04; Phase 5: 177.82
ISPY2_111674,0,5,45,256.9595642089844,107.41197111387145,219.96180796527074,global,Phase 0: 102.43; Phase 1: 179.68; Phase 2: 228.29; Phase 3: 245.07; Phase 4: 253.66; Phase 5: 256.96
ISPY2_111881,0,3,87,2215.39208984375,107.41197111387145,219.96180796527074,global,Phase 0: 1094.33; Phase 1: 2188.78; Phase 2: 2207.06; Phase 3: 2215.39; Phase 4: 2163.42; Phase 5: 2145.02
ISPY2_112606,0,3,91,555.8711547851562,107.41197111387145,219.96180796527074,global,Phase 0: 279.37; Phase 1: 441.57; Phase 2: 545.16; Phase 3: 555.87; Phase 4: 546.88; Phase 5: 539.47
ISPY2_114087,0,2,40,626.7271728515625,107.41197111387145,219.96180796527074,global,Phase 0: 198.80; Phase 1: 579.25; Phase 2: 626.73; Phase 3: 621.38; Phase 4: 610.39; Phase 5: 590.61
ISPY2_115638,0,5,76,342.37298583984375,107.41197111387145,219.96180796527074,global,Phase 0: 174.99; Phase 1: 252.68; Phase 2: 311.37; Phase 3: 319.37; Phase 4: 331.30; Phase 5: 342.37
ISPY2_115987,0,3,56,929.181884765625,107.41197111387145,219.96180796527074,global,Phase 0: 453.06; Phase 1: 872.73; Phase 2: 920.14; Phase 3: 929.18; Phase 4: 921.97; Phase 5: 908.70
ISPY2_116165,0,2,38,838.284912109375,107.41197111387145,219.96180796527074,global,Phase 0: 471.15; Phase 1: 805.20; Phase 2: 838.28; Phase 3: 803.25; Phase 4: 802.79; Phase 5: 789.69
ISPY2_116603,0,3,33,664.199462890625,107.41197111387145,219.96180796527074,global,Phase 0: 274.40; Phase 1: 566.87; Phase 2: 653.33; Phase 3: 664.20; Phase 4: 663.58; Phase 5: 660.50
ISPY2_117424,0,3,81,2769.026611328125,107.41197111387145,219.96180796527074,global,Phase 0: 1034.83; Phase 1: 2552.58; Phase 2: 2737.34; Phase 3: 2769.03; Phase 4: 2729.39; Phase 5: 2708.96
ISPY2_117707,0,2,21,501.58642578125,107.41197111387145,219.96180796527074,global,Phase 0: 142.90; Phase 1: 392.33; Phase 2: 501.59; Phase 3: 479.67; Phase 4: 458.81; Phase 5: 455.02
ISPY2_118307,0,5,25,966.3129272460938,107.41197111387145,219.96180796527074,global,Phase 0: 507.93; Phase 1: 858.37; Phase 2: 929.69; Phase 3: 945.90; Phase 4: 962.48; Phase 5: 966.31
ISPY2_119928,0,3,85,178.46923828125,107.41197111387145,219.96180796527074,global,Phase 0: 85.96; Phase 1: 157.02; Phase 2: 175.98; Phase 3: 178.47; Phase 4: 173.77; Phase 5: 173.53
ISPY2_120422,0,2,64,969.6740112304688,107.41197111387145,219.96180796527074,global,Phase 0: 277.09; Phase 1: 848.65; Phase 2: 969.67; Phase 3: 922.53; Phase 4: 886.39; Phase 5: 864.29
ISPY2_122287,0,4,80,1264.777587890625,107.41197111387145,219.96180796527074,global,Phase 0: 486.40; Phase 1: 901.23; Phase 2: 1219.85; Phase 3: 1246.52; Phase 4: 1264.78; Phase 5: 1255.41
ISPY2_122579,0,2,76,3458.988525390625,107.41197111387145,219.96180796527074,global,Phase 0: 1412.04; Phase 1: 3169.18; Phase 2: 3458.99; Phase 3: 3442.01; Phase 4: 3343.09; Phase 5: 3271.22
ISPY2_122795,0,5,31,1393.758056640625,107.41197111387145,219.96180796527074,global,Phase 0: 748.79; Phase 1: 1291.55; Phase 2: 1358.41; Phase 3: 1392.55; Phase 4: 1392.95; Phase 5: 1393.76
ISPY2_123660,0,2,55,1154.718505859375,107.41197111387145,219.96180796527074,global,Phase 0: 311.45; Phase 1: 1034.14; Phase 2: 1154.72; Phase 3: 1107.69; Phase 4: 1045.49; Phase 5: 998.68
ISPY2_125130,0,2,26,1431.097900390625,107.41197111387145,219.96180796527074,global,Phase 0: 554.34; Phase 1: 1242.28; Phase 2: 1431.10; Phase 3: 1410.24; Phase 4: 1401.15; Phase 5: 1430.00
ISPY2_125418,0,5,90,360.9098815917969,107.41197111387145,219.96180796527074,global,Phase 0: 156.91; Phase 1: 228.76; Phase 2: 313.78; Phase 3: 343.23; Phase 4: 352.92; Phase 5: 360.91
ISPY2_127675,0,4,82,2660.654296875,107.41197111387145,219.96180796527074,global,Phase 0: 1200.30; Phase 1: 2301.35; Phase 2: 2582.02; Phase 3: 2622.90; Phase 4: 2660.65; Phase 5: 2653.75
ISPY2_127791,0,2,68,1382.1195068359375,107.41197111387145,219.96180796527074,global,Phase 0: 537.83; Phase 1: 1127.54; Phase 2: 1382.12; Phase 3: 1375.31; Phase 4: 1304.59; Phase 5: 1102.97
ISPY2_128051,0,3,62,1838.116455078125,107.41197111387145,219.96180796527074,global,Phase 0: 1015.34; Phase 1: 1031.51; Phase 2: 1805.25; Phase 3: 1838.12; Phase 4: 1831.41; Phase 5: 1812.93
ISPY2_128675,0,3,44,891.8991088867188,107.41197111387145,219.96180796527074,global,Phase 0: 388.42; Phase 1: 783.47; Phase 2: 866.52; Phase 3: 891.90; Phase 4: 880.11; Phase 5: 889.20
ISPY2_129837,0,3,64,3427.258544921875,107.41197111387145,219.96180796527074,global,Phase 0: 1183.21; Phase 1: 2926.94; Phase 2: 3406.06; Phase 3: 3427.26; Phase 4: 3396.71; Phase 5: 3348.86
ISPY2_129973,0,4,30,228.8566131591797,107.41197111387145,219.96180796527074,global,Phase 0: 120.35; Phase 1: 191.25; Phase 2: 217.63; Phase 3: 225.35; Phase 4: 228.86; Phase 5: 217.95
ISPY2_130580,0,2,86,327.4693298339844,107.41197111387145,219.96180796527074,global,Phase 0: 135.17; Phase 1: 279.80; Phase 2: 327.47; Phase 3: 325.28; Phase 4: 322.95; Phase 5: 318.11
ISPY2_130892,0,3,41,403.06353759765625,107.41197111387145,219.96180796527074,global,Phase 0: 181.64; Phase 1: 358.88; Phase 2: 398.51; Phase 3: 403.06; Phase 4: 398.19; Phase 5: 391.04
ISPY2_131595,0,3,15,1193.7535400390625,107.41197111387145,219.96180796527074,global,Phase 0: 680.30; Phase 1: 1139.41; Phase 2: 1183.88; Phase 3: 1193.75; Phase 4: 1188.18; Phase 5: 1186.88
ISPY2_131961,0,3,92,2663.9853515625,107.41197111387145,219.96180796527074,global,Phase 0: 1139.95; Phase 1: 2296.70; Phase 2: 2610.45; Phase 3: 2663.99; Phase 4: 2584.04; Phase 5: 2623.79
ISPY2_132463,0,3,62,2328.377197265625,107.41197111387145,219.96180796527074,global,Phase 0: 1443.09; Phase 1: 2133.40; Phase 2: 2305.62; Phase 3: 2328.38; Phase 4: 2309.26; Phase 5: 2315.28
ISPY2_133650,0,3,21,2786.810791015625,107.41197111387145,219.96180796527074,global,Phase 0: 1198.78; Phase 1: 2453.10; Phase 2: 2721.28; Phase 3: 2786.81; Phase 4: 2679.08; Phase 5: 2633.52
ISPY2_134526,0,5,94,1846.4940185546875,107.41197111387145,219.96180796527074,global,Phase 0: 1063.15; Phase 1: 1488.22; Phase 2: 1673.06; Phase 3: 1741.74; Phase 4: 1812.20; Phase 5: 1846.49
ISPY2_136536,0,4,18,1855.2647705078125,107.41197111387145,219.96180796527074,global,Phase 0: 1115.56; Phase 1: 1608.95; Phase 2: 1816.87; Phase 3: 1845.06; Phase 4: 1855.26; Phase 5: 1853.94
ISPY2_138027,0,3,41,3983.85205078125,107.41197111387145,219.96180796527074,global,Phase 0: 1522.99; Phase 1: 3382.08; Phase 2: 3919.03; Phase 3: 3983.85; Phase 4: 3947.15; Phase 5: 3679.51
ISPY2_138425,0,3,21,455.3223571777344,107.41197111387145,219.96180796527074,global,Phase 0: 127.32; Phase 1: 304.47; Phase 2: 436.75; Phase 3: 455.32; Phase 4: 454.40; Phase 5: 453.34
ISPY2_139137,0,2,92,998.0062866210938,107.41197111387145,219.96180796527074,global,Phase 0: 365.79; Phase 1: 975.24; Phase 2: 998.01; Phase 3: 970.60; Phase 4: 939.21; Phase 5: 946.91
ISPY2_139771,0,2,64,1693.9949951171875,107.41197111387145,219.96180796527074,global,Phase 0: 558.11; Phase 1: 1525.93; Phase 2: 1693.99; Phase 3: 1582.26; Phase 4: 1529.28; Phase 5: 1480.38
ISPY2_139973,0,5,31,1599.3624267578125,107.41197111387145,219.96180796527074,global,Phase 0: 753.71; Phase 1: 1323.17; Phase 2: 1538.35; Phase 3: 1593.33; Phase 4: 1590.62; Phase 5: 1599.36
ISPY2_141782,0,4,98,492.93896484375,107.41197111387145,219.96180796527074,global,Phase 0: 250.52; Phase 1: 310.35; Phase 2: 430.45; Phase 3: 480.89; Phase 4: 492.94; Phase 5: 490.18
ISPY2_142688,0,5,40,136.98728942871094,107.41197111387145,219.96180796527074,global,Phase 0: 69.53; Phase 1: 114.45; Phase 2: 131.17; Phase 3: 134.92; Phase 4: 135.53; Phase 5: 136.99
ISPY2_144302,0,2,88,343.8670349121094,107.41197111387145,219.96180796527074,global,Phase 0: 132.56; Phase 1: 262.47; Phase 2: 343.87; Phase 3: 339.40; Phase 4: 330.65; Phase 5: 324.83
ISPY2_145513,0,3,67,417.091064453125,107.41197111387145,219.96180796527074,global,Phase 0: 197.82; Phase 1: 315.12; Phase 2: 410.03; Phase 3: 417.09; Phase 4: 406.97; Phase 5: 400.58
ISPY2_145777,0,3,89,441.05279541015625,107.41197111387145,219.96180796527074,global,Phase 0: 171.45; Phase 1: 336.42; Phase 2: 435.26; Phase 3: 441.05; Phase 4: 436.99; Phase 5: 427.25
ISPY2_146033,0,4,52,1043.106689453125,107.41197111387145,219.96180796527074,global,Phase 0: 420.47; Phase 1: 847.24; Phase 2: 1030.13; Phase 3: 1022.30; Phase 4: 1043.11; Phase 5: 1002.91
ISPY2_146987,0,4,32,546.1070556640625,107.41197111387145,219.96180796527074,global,Phase 0: 249.91; Phase 1: 495.67; Phase 2: 542.98; Phase 3: 543.87; Phase 4: 546.11; Phase 5: 540.69
ISPY2_147139,0,2,39,4244.2646484375,107.41197111387145,219.96180796527074,global,Phase 0: 1648.63; Phase 1: 4073.65; Phase 2: 4244.26; Phase 3: 4170.87; Phase 4: 4073.73; Phase 5: 4018.97
ISPY2_148357,0,2,43,1032.6890869140625,107.41197111387145,219.96180796527074,global,Phase 0: 528.08; Phase 1: 962.37; Phase 2: 1032.69; Phase 3: 1025.84; Phase 4: 1001.39; Phase 5: 986.15
ISPY2_149654,0,4,30,308.7178649902344,107.41197111387145,219.96180796527074,global,Phase 0: 136.56; Phase 1: 258.88; Phase 2: 297.91; Phase 3: 307.63; Phase 4: 308.72; Phase 5: 306.69
ISPY2_150547,0,3,46,468.4918518066406,107.41197111387145,219.96180796527074,global,Phase 0: 347.24; Phase 1: 444.64; Phase 2: 467.90; Phase 3: 468.49; Phase 4: 467.53; Phase 5: 465.50
ISPY2_151230,0,4,36,394.0462341308594,107.41197111387145,219.96180796527074,global,Phase 0: 155.76; Phase 1: 283.69; Phase 2: 373.01; Phase 3: 389.60; Phase 4: 394.05; Phase 5: 386.51
ISPY2_151481,0,4,89,593.3106689453125,107.41197111387145,219.96180796527074,global,Phase 0: 232.70; Phase 1: 500.24; Phase 2: 579.57; Phase 3: 592.44; Phase 4: 593.31
ISPY2_151980,0,5,76,671.1611938476562,107.41197111387145,219.96180796527074,global,Phase 0: 187.31; Phase 1: 489.81; Phase 2: 611.38; Phase 3: 644.86; Phase 4: 658.69; Phase 5: 671.16
ISPY2_152090,0,4,35,1409.2977294921875,107.41197111387145,219.96180796527074,global,Phase 0: 762.01; Phase 1: 1244.93; Phase 2: 1338.50; Phase 3: 1352.31; Phase 4: 1409.30; Phase 5: 1409.17
ISPY2_152197,0,3,43,2132.939453125,107.41197111387145,219.96180796527074,global,Phase 0: 642.31; Phase 1: 1756.92; Phase 2: 2046.86; Phase 3: 2132.94; Phase 4: 2098.85; Phase 5: 1970.99
ISPY2_153327,0,4,65,198.33221435546875,107.41197111387145,219.96180796527074,global,Phase 0: 92.77; Phase 1: 187.59; Phase 2: 194.46; Phase 3: 196.01; Phase 4: 198.33; Phase 5: 193.66
ISPY2_153880,0,2,49,350.3214111328125,107.41197111387145,219.96180796527074,global,Phase 0: 135.40; Phase 1: 321.48; Phase 2: 350.32; Phase 3: 343.94; Phase 4: 336.92; Phase 5: 329.09
ISPY2_154293,0,3,44,928.1344604492188,107.41197111387145,219.96180796527074,global,Phase 0: 428.07; Phase 1: 789.25; Phase 2: 912.85; Phase 3: 928.13; Phase 4: 923.32; Phase 5: 903.32
ISPY2_155171,0,2,78,2965.55029296875,107.41197111387145,219.96180796527074,global,Phase 0: 905.41; Phase 1: 2836.55; Phase 2: 2965.55; Phase 3: 2875.37; Phase 4: 2786.52; Phase 5: 2696.04
ISPY2_156163,0,2,35,625.4961547851562,107.41197111387145,219.96180796527074,global,Phase 0: 286.33; Phase 1: 535.25; Phase 2: 625.50; Phase 3: 616.17; Phase 4: 613.64; Phase 5: 598.50
ISPY2_157270,0,2,68,903.2666015625,107.41197111387145,219.96180796527074,global,Phase 0: 275.46; Phase 1: 762.10; Phase 2: 903.27; Phase 3: 885.58; Phase 4: 872.21; Phase 5: 844.85
ISPY2_157463,0,2,56,508.93646240234375,107.41197111387145,219.96180796527074,global,Phase 0: 257.13; Phase 1: 466.94; Phase 2: 508.94; Phase 3: 505.40; Phase 4: 498.37; Phase 5: 492.91
ISPY2_159284,0,4,40,503.2180480957031,107.41197111387145,219.96180796527074,global,Phase 0: 200.59; Phase 1: 479.11; Phase 2: 500.44; Phase 3: 501.92; Phase 4: 503.22; Phase 5: 501.39
ISPY2_159352,0,2,38,506.52423095703125,107.41197111387145,219.96180796527074,global,Phase 0: 209.17; Phase 1: 405.82; Phase 2: 506.52; Phase 3: 500.12; Phase 4: 491.61; Phase 5: 488.48
ISPY2_160120,0,5,55,496.038330078125,107.41197111387145,219.96180796527074,global,Phase 0: 152.88; Phase 1: 346.78; Phase 2: 469.01; Phase 3: 493.66; Phase 4: 483.33; Phase 5: 496.04
ISPY2_162562,0,2,46,578.4446411132812,107.41197111387145,219.96180796527074,global,Phase 0: 269.49; Phase 1: 548.13; Phase 2: 578.44; Phase 3: 570.44; Phase 4: 562.13; Phase 5: 551.45
ISPY2_164468,0,4,39,871.1843872070312,107.41197111387145,219.96180796527074,global,Phase 0: 481.05; Phase 1: 755.26; Phase 2: 826.56; Phase 3: 846.38; Phase 4: 871.18; Phase 5: 856.92
ISPY2_165925,0,4,16,987.5704345703125,107.41197111387145,219.96180796527074,global,Phase 0: 451.33; Phase 1: 867.53; Phase 2: 954.67; Phase 3: 980.10; Phase 4: 987.57; Phase 5: 971.22
ISPY2_166412,0,3,80,2662.3203125,107.41197111387145,219.96180796527074,global,Phase 0: 1038.19; Phase 1: 2246.19; Phase 2: 2642.71; Phase 3: 2662.32; Phase 4: 2541.36; Phase 5: 2408.08
ISPY2_166782,0,2,34,715.2322387695312,107.41197111387145,219.96180796527074,global,Phase 0: 229.96; Phase 1: 615.03; Phase 2: 715.23; Phase 3: 713.03; Phase 4: 670.67; Phase 5: 632.21
ISPY2_167271,0,4,54,1082.1434326171875,107.41197111387145,219.96180796527074,global,Phase 0: 511.34; Phase 1: 738.36; Phase 2: 943.71; Phase 3: 992.58; Phase 4: 1082.14; Phase 5: 1050.20
ISPY2_168044,0,4,26,616.7234497070312,107.41197111387145,219.96180796527074,global,Phase 0: 208.83; Phase 1: 489.25; Phase 2: 555.87; Phase 3: 580.34; Phase 4: 616.72; Phase 5: 612.79
ISPY2_169536,0,5,27,229.4241943359375,107.41197111387145,219.96180796527074,global,Phase 0: 116.28; Phase 1: 167.53; Phase 2: 207.91; Phase 3: 218.27; Phase 4: 225.80; Phase 5: 229.42
ISPY2_169918,0,4,49,1470.6715087890625,107.41197111387145,219.96180796527074,global,Phase 0: 605.26; Phase 1: 630.20; Phase 2: 1407.32; Phase 3: 1468.57; Phase 4: 1470.67; Phase 5: 1431.59
ISPY2_172168,0,4,109,624.9584350585938,107.41197111387145,219.96180796527074,global,Phase 0: 235.22; Phase 1: 512.52; Phase 2: 607.72; Phase 3: 618.96; Phase 4: 624.96; Phase 5: 614.89
ISPY2_172283,0,2,46,245.28469848632812,107.41197111387145,219.96180796527074,global,Phase 0: 103.13; Phase 1: 205.26; Phase 2: 245.28; Phase 3: 238.16; Phase 4: 236.76; Phase 5: 228.55
ISPY2_172366,0,2,22,502.02685546875,107.41197111387145,219.96180796527074,global,Phase 0: 150.24; Phase 1: 446.67; Phase 2: 502.03; Phase 3: 499.50; Phase 4: 477.28; Phase 5: 468.91
ISPY2_174903,0,5,40,1488.705810546875,107.41197111387145,219.96180796527074,global,Phase 0: 663.28; Phase 1: 1052.57; Phase 2: 1336.75; Phase 3: 1421.53; Phase 4: 1457.25; Phase 5: 1488.71
ISPY2_174904,0,5,41,1053.49951171875,107.41197111387145,219.96180796527074,global,Phase 0: 383.29; Phase 1: 747.11; Phase 2: 937.67; Phase 3: 987.66; Phase 4: 1019.78; Phase 5: 1053.50
ISPY2_177795,0,2,28,1724.731689453125,107.41197111387145,219.96180796527074,global,Phase 0: 516.94; Phase 1: 1614.94; Phase 2: 1724.73; Phase 3: 1699.20; Phase 4: 1680.04; Phase 5: 1596.17
ISPY2_178649,0,2,34,1806.069580078125,107.41197111387145,219.96180796527074,global,Phase 0: 715.83; Phase 1: 1618.72; Phase 2: 1806.07; Phase 3: 1805.94; Phase 4: 1782.13; Phase 5: 1761.09
ISPY2_178815,0,5,46,508.436767578125,107.41197111387145,219.96180796527074,global,Phase 0: 272.55; Phase 1: 431.03; Phase 2: 490.43; Phase 3: 495.14; Phase 4: 506.68; Phase 5: 508.44
ISPY2_179369,0,4,44,700.6713256835938,107.41197111387145,219.96180796527074,global,Phase 0: 366.17; Phase 1: 527.49; Phase 2: 633.88; Phase 3: 676.67; Phase 4: 700.67; Phase 5: 700.48
ISPY2_179568,0,3,18,782.4977416992188,107.41197111387145,219.96180796527074,global,Phase 0: 361.21; Phase 1: 681.83; Phase 2: 773.08; Phase 3: 782.50; Phase 4: 779.78; Phase 5: 776.84
ISPY2_180027,0,1,36,2093.796875,107.41197111387145,219.96180796527074,global,Phase 0: 1075.43; Phase 1: 2093.80; Phase 2: 2008.00; Phase 3: 1948.08; Phase 4: 1897.77; Phase 5: 1870.20
ISPY2_180663,0,2,95,435.8507385253906,107.41197111387145,219.96180796527074,global,Phase 0: 188.05; Phase 1: 366.62; Phase 2: 435.85; Phase 3: 433.59; Phase 4: 423.39; Phase 5: 420.39
ISPY2_181442,0,2,46,4337.78076171875,107.41197111387145,219.96180796527074,global,Phase 0: 2125.97; Phase 1: 4115.03; Phase 2: 4337.78; Phase 3: 4298.73; Phase 4: 4255.44; Phase 5: 4235.30
ISPY2_181819,0,2,28,1734.85546875,107.41197111387145,219.96180796527074,global,Phase 0: 790.56; Phase 1: 1650.96; Phase 2: 1734.86; Phase 3: 1720.16; Phase 4: 1667.26; Phase 5: 1596.68
ISPY2_182346,0,2,78,413.6114501953125,107.41197111387145,219.96180796527074,global,Phase 0: 170.77; Phase 1: 321.55; Phase 2: 413.61; Phase 3: 411.42; Phase 4: 408.12; Phase 5: 398.15
ISPY2_183831,0,3,64,2311.606689453125,107.41197111387145,219.96180796527074,global,Phase 0: 1115.36; Phase 1: 2031.42; Phase 2: 2255.15; Phase 3: 2311.61; Phase 4: 2285.80; Phase 5: 2289.31
ISPY2_188091,0,3,58,294.4205322265625,107.41197111387145,219.96180796527074,global,Phase 0: 113.09; Phase 1: 244.35; Phase 2: 294.39; Phase 3: 294.42; Phase 4: 284.10; Phase 5: 284.24
ISPY2_188511,0,4,73,543.966552734375,107.41197111387145,219.96180796527074,global,Phase 0: 242.40; Phase 1: 435.69; Phase 2: 530.07; Phase 3: 541.92; Phase 4: 543.97; Phase 5: 540.06
ISPY2_188700,0,2,47,1668.238037109375,107.41197111387145,219.96180796527074,global,Phase 0: 775.38; Phase 1: 1606.09; Phase 2: 1668.24; Phase 3: 1660.37; Phase 4: 1634.18; Phase 5: 1652.61
ISPY2_190224,0,2,106,2789.25732421875,107.41197111387145,219.96180796527074,global,Phase 0: 1132.56; Phase 1: 2667.16; Phase 2: 2789.26; Phase 3: 2724.95; Phase 4: 2673.02; Phase 5: 2657.62
ISPY2_192548,0,3,39,531.354248046875,107.41197111387145,219.96180796527074,global,Phase 0: 238.33; Phase 1: 445.47; Phase 2: 520.26; Phase 3: 531.35; Phase 4: 524.59; Phase 5: 527.86
ISPY2_194024,0,5,44,279.1700134277344,107.41197111387145,219.96180796527074,global,Phase 0: 123.21; Phase 1: 222.19; Phase 2: 258.84; Phase 3: 270.21; Phase 4: 276.43; Phase 5: 279.17
ISPY2_196024,0,3,42,993.6290283203125,107.41197111387145,219.96180796527074,global,Phase 0: 458.25; Phase 1: 867.68; Phase 2: 988.73; Phase 3: 993.63; Phase 4: 958.78; Phase 5: 955.97
ISPY2_196064,0,2,44,931.7771606445312,107.41197111387145,219.96180796527074,global,Phase 0: 467.90; Phase 1: 922.40; Phase 2: 931.78; Phase 3: 924.56; Phase 4: 899.08; Phase 5: 920.29
ISPY2_197942,0,5,40,293.4529113769531,107.41197111387145,219.96180796527074,global,Phase 0: 106.49; Phase 1: 168.13; Phase 2: 256.01; Phase 3: 280.07; Phase 4: 291.40; Phase 5: 293.45
ISPY2_198891,0,4,36,1587.4970703125,107.41197111387145,219.96180796527074,global,Phase 0: 520.89; Phase 1: 1236.76; Phase 2: 1504.83; Phase 3: 1549.49; Phase 4: 1587.50; Phase 5: 1546.39
ISPY2_199115,0,4,17,1459.6246337890625,107.41197111387145,219.96180796527074,global,Phase 0: 487.89; Phase 1: 1082.02; Phase 2: 1373.75; Phase 3: 1365.63; Phase 4: 1459.62; Phase 5: 1424.50
ISPY2_199960,0,2,83,444.30291748046875,107.41197111387145,219.96180796527074,global,Phase 0: 197.75; Phase 1: 431.88; Phase 2: 444.30; Phase 3: 427.63; Phase 4: 410.71; Phase 5: 396.16
ISPY2_200222,0,4,38,2591.876220703125,107.41197111387145,219.96180796527074,global,Phase 0: 1147.42; Phase 1: 2103.00; Phase 2: 2496.75; Phase 3: 2560.02; Phase 4: 2591.88
ISPY2_201831,0,5,35,2378.98828125,107.41197111387145,219.96180796527074,global,Phase 0: 1061.23; Phase 1: 1986.10; Phase 2: 2259.62; Phase 3: 2330.68; Phase 4: 2316.14; Phase 5: 2378.99
ISPY2_201873,0,5,79,2946.376220703125,107.41197111387145,219.96180796527074,global,Phase 0: 1139.57; Phase 1: 2465.86; Phase 2: 2804.14; Phase 3: 2898.33; Phase 4: 2906.18; Phase 5: 2946.38
ISPY2_202535,0,3,94,412.8275146484375,107.41197111387145,219.96180796527074,global,Phase 0: 156.58; Phase 1: 326.76; Phase 2: 402.60; Phase 3: 412.83; Phase 4: 392.84; Phase 5: 395.78
ISPY2_202539,0,3,83,2123.80029296875,107.41197111387145,219.96180796527074,global,Phase 0: 774.46; Phase 1: 1995.17; Phase 2: 2097.14; Phase 3: 2123.80; Phase 4: 2110.60; Phase 5: 2039.23
ISPY2_202956,0,5,25,163.84042358398438,107.41197111387145,219.96180796527074,global,Phase 0: 88.95; Phase 1: 149.60; Phase 2: 162.66; Phase 3: 163.17; Phase 4: 161.98; Phase 5: 163.84
ISPY2_203060,0,4,48,1530.131591796875,107.41197111387145,219.96180796527074,global,Phase 0: 634.56; Phase 1: 1258.86; Phase 2: 1483.81; Phase 3: 1486.11; Phase 4: 1530.13; Phase 5: 1493.42
ISPY2_203254,0,3,86,2967.652099609375,107.41197111387145,219.96180796527074,global,Phase 0: 909.11; Phase 1: 2563.28; Phase 2: 2867.68; Phase 3: 2967.65; Phase 4: 2904.69; Phase 5: 2845.93
ISPY2_204939,0,5,33,297.7112731933594,107.41197111387145,219.96180796527074,global,Phase 0: 78.07; Phase 1: 108.24; Phase 2: 201.85; Phase 3: 257.21; Phase 4: 277.95; Phase 5: 297.71
ISPY2_208265,0,3,96,356.62579345703125,107.41197111387145,219.96180796527074,global,Phase 0: 151.68; Phase 1: 298.40; Phase 2: 350.95; Phase 3: 356.63; Phase 4: 355.59; Phase 5: 351.45
ISPY2_208303,0,5,28,900.9927368164062,107.41197111387145,219.96180796527074,global,Phase 0: 481.63; Phase 1: 781.56; Phase 2: 868.81; Phase 3: 893.25; Phase 4: 894.54; Phase 5: 900.99
ISPY2_208650,0,2,54,2399.114990234375,107.41197111387145,219.96180796527074,global,Phase 0: 1124.62; Phase 1: 2282.02; Phase 2: 2399.11; Phase 3: 2396.04; Phase 4: 2348.00; Phase 5: 2304.06
ISPY2_209397,0,5,82,3039.408935546875,107.41197111387145,219.96180796527074,global,Phase 0: 1183.51; Phase 1: 2151.94; Phase 2: 2691.36; Phase 3: 2885.95; Phase 4: 2957.88; Phase 5: 3039.41
ISPY2_209967,0,3,44,730.7138061523438,107.41197111387145,219.96180796527074,global,Phase 0: 410.73; Phase 1: 727.09; Phase 2: 720.87; Phase 3: 730.71; Phase 4: 717.81; Phase 5: 712.66
ISPY2_211408,0,2,70,2183.911376953125,107.41197111387145,219.96180796527074,global,Phase 0: 1033.53; Phase 1: 2031.09; Phase 2: 2183.91; Phase 3: 2175.80; Phase 4: 2168.94; Phase 5: 2149.94
ISPY2_212307,0,3,77,1092.6009521484375,107.41197111387145,219.96180796527074,global,Phase 0: 331.26; Phase 1: 925.86; Phase 2: 1087.51; Phase 3: 1092.60; Phase 4: 1081.22; Phase 5: 1067.79
ISPY2_213328,0,4,59,281.4350280761719,107.41197111387145,219.96180796527074,global,Phase 0: 123.69; Phase 1: 231.72; Phase 2: 272.98; Phase 3: 280.91; Phase 4: 281.44; Phase 5: 278.74
ISPY2_213672,0,2,80,1489.792724609375,107.41197111387145,219.96180796527074,global,Phase 0: 713.17; Phase 1: 1253.26; Phase 2: 1489.79; Phase 3: 1424.54; Phase 4: 1387.48; Phase 5: 1364.46
ISPY2_213913,0,2,83,4114.01171875,107.41197111387145,219.96180796527074,global,Phase 0: 1851.17; Phase 1: 3981.15; Phase 2: 4114.01; Phase 3: 4034.08; Phase 4: 3949.49; Phase 5: 3899.41
ISPY2_215932,0,4,73,1900.6641845703125,107.41197111387145,219.96180796527074,global,Phase 0: 1023.93; Phase 1: 1548.30; Phase 2: 1721.87; Phase 3: 1753.72; Phase 4: 1900.66; Phase 5: 1820.70
ISPY2_218249,0,5,54,1319.5611572265625,107.41197111387145,219.96180796527074,global,Phase 0: 1009.31; Phase 1: 1015.29; Phase 2: 1248.75; Phase 3: 1291.81; Phase 4: 1303.94; Phase 5: 1319.56
ISPY2_218503,0,2,22,1103.356201171875,107.41197111387145,219.96180796527074,global,Phase 0: 614.11; Phase 1: 1013.78; Phase 2: 1103.36; Phase 3: 1100.69; Phase 4: 1094.67; Phase 5: 1061.43
ISPY2_219545,0,2,44,4710.771484375,107.41197111387145,219.96180796527074,global,Phase 0: 1626.32; Phase 1: 4483.15; Phase 2: 4710.77; Phase 3: 4643.44; Phase 4: 4557.83; Phase 5: 4491.34
ISPY2_220471,0,2,76,654.3267822265625,107.41197111387145,219.96180796527074,global,Phase 0: 265.57; Phase 1: 528.47; Phase 2: 654.33; Phase 3: 647.19; Phase 4: 643.70; Phase 5: 638.83
ISPY2_220664,0,5,37,2049.956298828125,107.41197111387145,219.96180796527074,global,Phase 0: 857.50; Phase 1: 1793.70; Phase 2: 1946.92; Phase 3: 1905.21; Phase 4: 1946.10; Phase 5: 2049.96
ISPY2_220925,0,3,46,636.8049926757812,107.41197111387145,219.96180796527074,global,Phase 0: 267.07; Phase 1: 533.24; Phase 2: 620.97; Phase 3: 636.80; Phase 4: 636.22; Phase 5: 628.87
ISPY2_221375,0,3,19,618.1782836914062,107.41197111387145,219.96180796527074,global,Phase 0: 237.38; Phase 1: 582.61; Phase 2: 616.59; Phase 3: 618.18; Phase 4: 616.05; Phase 5: 610.28
ISPY2_221686,0,3,39,3127.796142578125,107.41197111387145,219.96180796527074,global,Phase 0: 1150.73; Phase 1: 2664.56; Phase 2: 3084.27; Phase 3: 3127.80; Phase 4: 3127.04; Phase 5: 3109.97
ISPY2_222135,0,3,87,2203.839599609375,107.41197111387145,219.96180796527074,global,Phase 0: 1050.82; Phase 1: 1132.67; Phase 2: 2202.19; Phase 3: 2203.84; Phase 4: 2168.24; Phase 5: 2166.25
ISPY2_223030,0,2,38,364.2164306640625,107.41197111387145,219.96180796527074,global,Phase 0: 93.94; Phase 1: 345.59; Phase 2: 364.22; Phase 3: 341.12; Phase 4: 321.46; Phase 5: 306.05
ISPY2_223526,0,5,52,1608.3800048828125,107.41197111387145,219.96180796527074,global,Phase 0: 751.32; Phase 1: 1049.98; Phase 2: 1408.81; Phase 3: 1510.70; Phase 4: 1552.54; Phase 5: 1608.38
ISPY2_225836,0,3,35,1119.5860595703125,107.41197111387145,219.96180796527074,global,Phase 0: 560.52; Phase 1: 972.15; Phase 2: 1109.27; Phase 3: 1119.59; Phase 4: 1114.85; Phase 5: 1118.70
ISPY2_227055,0,3,40,3503.459716796875,107.41197111387145,219.96180796527074,global,Phase 0: 1231.91; Phase 1: 3149.50; Phase 2: 3494.81; Phase 3: 3503.46; Phase 4: 3460.10; Phase 5: 3412.21
ISPY2_227832,0,4,57,3061.13037109375,107.41197111387145,219.96180796527074,global,Phase 0: 1108.67; Phase 1: 2683.46; Phase 2: 3005.31; Phase 3: 3051.10; Phase 4: 3061.13; Phase 5: 3006.50
ISPY2_227881,0,2,45,1122.781494140625,107.41197111387145,219.96180796527074,global,Phase 0: 474.32; Phase 1: 1019.57; Phase 2: 1122.78; Phase 3: 1077.80; Phase 4: 1098.85; Phase 5: 1057.50
ISPY2_228192,0,3,71,1443.6058349609375,107.41197111387145,219.96180796527074,global,Phase 0: 649.25; Phase 1: 992.09; Phase 2: 1398.58; Phase 3: 1443.61; Phase 4: 1439.99; Phase 5: 1420.11
ISPY2_228340,0,1,51,371.4473876953125,107.41197111387145,219.96180796527074,global,Phase 0: 150.13; Phase 1: 371.45; Phase 2: 368.85; Phase 3: 352.30; Phase 4: 344.68; Phase 5: 342.32
ISPY2_229144,0,2,10,378.7139892578125,107.41197111387145,219.96180796527074,global,Phase 0: 156.38; Phase 1: 302.23; Phase 2: 378.71; Phase 3: 368.48; Phase 4: 363.12; Phase 5: 348.65
ISPY2_229328,0,2,62,1585.99169921875,107.41197111387145,219.96180796527074,global,Phase 0: 619.25; Phase 1: 1544.13; Phase 2: 1585.99; Phase 3: 1537.31; Phase 4: 1500.85; Phase 5: 1459.51
ISPY2_229824,0,4,72,725.3959350585938,107.41197111387145,219.96180796527074,global,Phase 0: 287.67; Phase 1: 593.43; Phase 2: 706.69; Phase 3: 724.49; Phase 4: 725.40; Phase 5: 720.79
ISPY2_231633,0,5,49,1032.53369140625,107.41197111387145,219.96180796527074,global,Phase 0: 328.88; Phase 1: 850.33; Phase 2: 978.52; Phase 3: 1022.10; Phase 4: 1030.85; Phase 5: 1032.53
ISPY2_233191,0,2,52,664.330810546875,107.41197111387145,219.96180796527074,global,Phase 0: 268.41; Phase 1: 651.30; Phase 2: 664.33; Phase 3: 629.86; Phase 4: 587.74; Phase 5: 587.63
ISPY2_233832,0,2,22,457.8066101074219,107.41197111387145,219.96180796527074,global,Phase 0: 152.92; Phase 1: 379.42; Phase 2: 457.81; Phase 3: 422.81; Phase 4: 377.78; Phase 5: 351.87
ISPY2_233962,0,3,48,287.7716979980469,107.41197111387145,219.96180796527074,global,Phase 0: 118.72; Phase 1: 220.70; Phase 2: 281.45; Phase 3: 287.77; Phase 4: 284.11; Phase 5: 280.87
ISPY2_234272,0,4,46,843.6577758789062,107.41197111387145,219.96180796527074,global,Phase 0: 363.95; Phase 1: 626.05; Phase 2: 771.75; Phase 3: 806.72; Phase 4: 843.66; Phase 5: 817.60
ISPY2_234723,0,4,96,1100.2191162109375,107.41197111387145,219.96180796527074,global,Phase 0: 529.24; Phase 1: 961.05; Phase 2: 1059.45; Phase 3: 1090.26; Phase 4: 1100.22; Phase 5: 1089.02
ISPY2_235995,0,2,25,4529.443359375,107.41197111387145,219.96180796527074,global,Phase 0: 1863.34; Phase 1: 4309.06; Phase 2: 4529.44; Phase 3: 4471.18; Phase 4: 4407.34; Phase 5: 4340.30
ISPY2_236470,0,4,98,469.8081359863281,107.41197111387145,219.96180796527074,global,Phase 0: 164.86; Phase 1: 416.07; Phase 2: 462.17; Phase 3: 461.13; Phase 4: 469.81; Phase 5: 462.63
ISPY2_237158,0,2,54,409.82501220703125,107.41197111387145,219.96180796527074,global,Phase 0: 156.05; Phase 1: 345.03; Phase 2: 409.83; Phase 3: 406.48; Phase 4: 400.26; Phase 5: 392.08
ISPY2_238790,0,2,42,543.14892578125,107.41197111387145,219.96180796527074,global,Phase 0: 184.11; Phase 1: 479.14; Phase 2: 543.15; Phase 3: 543.13; Phase 4: 534.63; Phase 5: 527.03
ISPY2_239061,0,5,120,734.5708618164062,107.41197111387145,219.96180796527074,global,Phase 0: 329.59; Phase 1: 568.26; Phase 2: 692.15; Phase 3: 712.36; Phase 4: 721.04; Phase 5: 734.57
ISPY2_239910,0,5,45,3043.59033203125,107.41197111387145,219.96180796527074,global,Phase 0: 1432.75; Phase 1: 2736.65; Phase 2: 3004.34; Phase 3: 3039.15; Phase 4: 3039.44; Phase 5: 3043.59
ISPY2_240035,0,3,40,1488.0489501953125,107.41197111387145,219.96180796527074,global,Phase 0: 579.63; Phase 1: 1228.10; Phase 2: 1439.34; Phase 3: 1488.05; Phase 4: 1468.72; Phase 5: 1458.54
ISPY2_240432,0,2,37,902.8296508789062,107.41197111387145,219.96180796527074,global,Phase 0: 397.80; Phase 1: 841.53; Phase 2: 902.83; Phase 3: 895.57; Phase 4: 895.68; Phase 5: 890.08
ISPY2_240957,0,3,41,687.0510864257812,107.41197111387145,219.96180796527074,global,Phase 0: 338.80; Phase 1: 619.16; Phase 2: 678.72; Phase 3: 687.05; Phase 4: 682.83; Phase 5: 685.36
ISPY2_241705,0,5,36,1786.8341064453125,107.41197111387145,219.96180796527074,global,Phase 0: 767.23; Phase 1: 1286.03; Phase 2: 1594.92; Phase 3: 1715.19; Phase 4: 1771.14; Phase 5: 1786.83
ISPY2_241998,0,1,52,294.37579345703125,107.41197111387145,219.96180796527074,global,Phase 0: 109.73; Phase 1: 294.38; Phase 2: 294.27; Phase 3: 283.77; Phase 4: 264.23; Phase 5: 249.66
ISPY2_242370,0,3,40,1053.765380859375,107.41197111387145,219.96180796527074,global,Phase 0: 533.04; Phase 1: 910.56; Phase 2: 1032.43; Phase 3: 1053.77; Phase 4: 999.08; Phase 5: 1023.16
ISPY2_243836,0,3,19,1816.8333740234375,107.41197111387145,219.96180796527074,global,Phase 0: 769.52; Phase 1: 1560.28; Phase 2: 1779.98; Phase 3: 1816.83; Phase 4: 1811.64; Phase 5: 1799.94
ISPY2_245655,0,3,78,440.96929931640625,107.41197111387145,219.96180796527074,global,Phase 0: 192.52; Phase 1: 383.48; Phase 2: 440.29; Phase 3: 440.97; Phase 4: 434.88; Phase 5: 428.61
ISPY2_246134,0,3,76,986.2305297851562,107.41197111387145,219.96180796527074,global,Phase 0: 222.80; Phase 1: 815.96; Phase 2: 957.32; Phase 3: 986.23; Phase 4: 975.84; Phase 5: 949.38
ISPY2_247641,0,3,42,1631.5706787109375,107.41197111387145,219.96180796527074,global,Phase 0: 584.43; Phase 1: 1403.28; Phase 2: 1564.00; Phase 3: 1631.57; Phase 4: 1520.79; Phase 5: 1423.85
ISPY2_248255,0,3,73,2693.734619140625,107.41197111387145,219.96180796527074,global,Phase 0: 1145.39; Phase 1: 2376.52; Phase 2: 2659.90; Phase 3: 2693.73; Phase 4: 2639.09; Phase 5: 2626.18
ISPY2_250274,0,3,27,1108.4718017578125,107.41197111387145,219.96180796527074,global,Phase 0: 362.22; Phase 1: 987.96; Phase 2: 1094.66; Phase 3: 1108.47; Phase 4: 1089.25; Phase 5: 1011.71
ISPY2_252748,0,2,61,835.194580078125,107.41197111387145,219.96180796527074,global,Phase 0: 189.39; Phase 1: 736.72; Phase 2: 835.19; Phase 3: 780.29; Phase 4: 749.72; Phase 5: 722.43
ISPY2_253531,0,2,78,435.6199951171875,107.41197111387145,219.96180796527074,global,Phase 0: 228.68; Phase 1: 423.74; Phase 2: 435.62; Phase 3: 414.79; Phase 4: 412.41; Phase 5: 390.15
ISPY2_254060,0,4,17,1285.234130859375,107.41197111387145,219.96180796527074,global,Phase 0: 638.98; Phase 1: 1156.83; Phase 2: 1247.89; Phase 3: 1275.88; Phase 4: 1285.23; Phase 5: 1270.10
ISPY2_254273,0,5,54,328.5283508300781,107.41197111387145,219.96180796527074,global,Phase 0: 212.90; Phase 1: 260.15; Phase 2: 313.73; Phase 3: 322.63; Phase 4: 327.02; Phase 5: 328.53
ISPY2_255078,0,2,47,311.49560546875,107.41197111387145,219.96180796527074,global,Phase 0: 160.99; Phase 1: 296.06; Phase 2: 311.50; Phase 3: 303.25; Phase 4: 299.54; Phase 5: 297.06
ISPY2_255388,0,5,54,413.0185546875,107.41197111387145,219.96180796527074,global,Phase 0: 160.36; Phase 1: 316.95; Phase 2: 385.12; Phase 3: 403.26; Phase 4: 404.25; Phase 5: 413.02
ISPY2_255535,0,4,29,561.4287719726562,107.41197111387145,219.96180796527074,global,Phase 0: 300.26; Phase 1: 434.86; Phase 2: 505.79; Phase 3: 532.13; Phase 4: 561.43; Phase 5: 544.43
ISPY2_255577,0,5,37,220.5203399658203,107.41197111387145,219.96180796527074,global,Phase 0: 122.51; Phase 1: 169.50; Phase 2: 196.98; Phase 3: 206.96; Phase 4: 216.59; Phase 5: 220.52
ISPY2_257735,0,5,12,1761.8011474609375,107.41197111387145,219.96180796527074,global,Phase 0: 996.16; Phase 1: 1591.91; Phase 2: 1704.01; Phase 3: 1730.36; Phase 4: 1748.09; Phase 5: 1761.80
ISPY2_259206,0,5,30,997.57177734375,107.41197111387145,219.96180796527074,global,Phase 0: 628.06; Phase 1: 775.66; Phase 2: 934.23; Phase 3: 958.82; Phase 4: 995.09; Phase 5: 997.57
ISPY2_259899,0,4,73,1581.80078125,107.41197111387145,219.96180796527074,global,Phase 0: 665.14; Phase 1: 1116.14; Phase 2: 1516.70; Phase 3: 1573.62; Phase 4: 1581.80; Phase 5: 1580.32
ISPY2_261304,0,5,52,1011.0199584960938,107.41197111387145,219.96180796527074,global,Phase 0: 550.62; Phase 1: 773.41; Phase 2: 906.45; Phase 3: 954.81; Phase 4: 997.33; Phase 5: 1011.02
ISPY2_262131,0,2,79,2359.039306640625,107.41197111387145,219.96180796527074,global,Phase 0: 1056.55; Phase 1: 2233.47; Phase 2: 2359.04; Phase 3: 2322.33; Phase 4: 2290.29; Phase 5: 2270.00
ISPY2_263143,0,3,27,1091.17138671875,107.41197111387145,219.96180796527074,global,Phase 0: 886.81; Phase 1: 1032.86; Phase 2: 1069.90; Phase 3: 1091.17; Phase 4: 1063.93; Phase 5: 1089.61
ISPY2_264305,0,5,109,1519.997314453125,107.41197111387145,219.96180796527074,global,Phase 0: 700.64; Phase 1: 719.51; Phase 2: 1420.56; Phase 3: 1480.85; Phase 4: 1510.88; Phase 5: 1520.00
ISPY2_264678,0,5,65,1863.4749755859375,107.41197111387145,219.96180796527074,global,Phase 0: 1009.02; Phase 1: 1267.67; Phase 2: 1600.59; Phase 3: 1742.64; Phase 4: 1812.98; Phase 5: 1863.47
ISPY2_266509,0,4,57,1209.0162353515625,107.41197111387145,219.96180796527074,global,Phase 0: 481.43; Phase 1: 999.13; Phase 2: 1146.96; Phase 3: 1191.66; Phase 4: 1209.02; Phase 5: 1203.79
ISPY2_266840,0,5,31,905.3389282226562,107.41197111387145,219.96180796527074,global,Phase 0: 542.91; Phase 1: 682.50; Phase 2: 812.94; Phase 3: 863.63; Phase 4: 889.68; Phase 5: 905.34
ISPY2_267306,0,3,121,608.1062622070312,107.41197111387145,219.96180796527074,global,Phase 0: 228.96; Phase 1: 527.07; Phase 2: 598.81; Phase 3: 608.11; Phase 4: 595.02; Phase 5: 589.61
ISPY2_268937,0,3,69,1828.427001953125,107.41197111387145,219.96180796527074,global,Phase 0: 954.05; Phase 1: 994.61; Phase 2: 1798.59; Phase 3: 1828.43; Phase 4: 1807.60; Phase 5: 1786.15
ISPY2_269899,0,2,73,2963.14501953125,107.41197111387145,219.96180796527074,global,Phase 0: 1245.03; Phase 1: 2599.15; Phase 2: 2963.15; Phase 3: 2937.05; Phase 4: 2914.96; Phase 5: 2837.70
ISPY2_273691,0,3,16,616.6551513671875,107.41197111387145,219.96180796527074,global,Phase 0: 297.48; Phase 1: 527.53; Phase 2: 610.42; Phase 3: 616.66; Phase 4: 611.03; Phase 5: 603.47
ISPY2_273745,0,5,73,1021.0435791015625,107.41197111387145,219.96180796527074,global,Phase 0: 416.75; Phase 1: 832.75; Phase 2: 965.37; Phase 3: 1001.70; Phase 4: 1012.84; Phase 5: 1021.04
ISPY2_275034,0,3,37,319.10723876953125,107.41197111387145,219.96180796527074,global,Phase 0: 151.14; Phase 1: 285.08; Phase 2: 317.54; Phase 3: 319.11; Phase 4: 308.03; Phase 5: 306.41
ISPY2_275626,0,2,54,582.9518432617188,107.41197111387145,219.96180796527074,global,Phase 0: 292.05; Phase 1: 545.01; Phase 2: 582.95; Phase 3: 569.76; Phase 4: 558.94; Phase 5: 557.50
ISPY2_277848,0,5,51,482.5979309082031,107.41197111387145,219.96180796527074,global,Phase 0: 223.69; Phase 1: 378.20; Phase 2: 466.85; Phase 3: 480.47; Phase 4: 482.01; Phase 5: 482.60
ISPY2_277888,0,2,72,2698.36572265625,107.41197111387145,219.96180796527074,global,Phase 0: 1106.62; Phase 1: 2480.61; Phase 2: 2698.37; Phase 3: 2690.78; Phase 4: 2663.26; Phase 5: 2604.27
ISPY2_279902,0,2,54,1012.8165893554688,107.41197111387145,219.96180796527074,global,Phase 0: 498.90; Phase 1: 956.52; Phase 2: 1012.82; Phase 3: 991.24; Phase 4: 946.09; Phase 5: 956.19
ISPY2_280375,0,2,33,924.6228637695312,107.41197111387145,219.96180796527074,global,Phase 0: 569.71; Phase 1: 879.51; Phase 2: 924.62; Phase 3: 922.45; Phase 4: 920.91; Phase 5: 916.24
ISPY2_282082,0,5,76,428.57916259765625,107.41197111387145,219.96180796527074,global,Phase 0: 191.86; Phase 1: 327.87; Phase 2: 381.24; Phase 3: 408.98; Phase 4: 421.50; Phase 5: 428.58
ISPY2_282644,0,5,49,1151.6453857421875,107.41197111387145,219.96180796527074,global,Phase 0: 633.49; Phase 1: 854.93; Phase 2: 1019.82; Phase 3: 1097.50; Phase 4: 1148.00; Phase 5: 1151.65
ISPY2_282777,0,2,13,355.32769775390625,107.41197111387145,219.96180796527074,global,Phase 0: 116.26; Phase 1: 290.18; Phase 2: 355.33; Phase 3: 347.64; Phase 4: 340.45; Phase 5: 335.33
ISPY2_283070,0,3,53,331.4226989746094,107.41197111387145,219.96180796527074,global,Phase 0: 176.81; Phase 1: 289.99; Phase 2: 326.76; Phase 3: 331.42; Phase 4: 327.95; Phase 5: 319.43
ISPY2_284355,0,4,46,1256.7943115234375,107.41197111387145,219.96180796527074,global,Phase 0: 599.26; Phase 1: 956.56; Phase 2: 1134.27; Phase 3: 1194.89; Phase 4: 1256.79; Phase 5: 1211.65
ISPY2_284443,0,5,41,680.0037841796875,107.41197111387145,219.96180796527074,global,Phase 0: 298.93; Phase 1: 438.15; Phase 2: 640.50; Phase 3: 668.33; Phase 4: 677.93; Phase 5: 680.00
ISPY2_284593,0,3,46,1988.859375,107.41197111387145,219.96180796527074,global,Phase 0: 831.08; Phase 1: 1764.93; Phase 2: 1941.37; Phase 3: 1988.86; Phase 4: 1985.66; Phase 5: 1961.75
ISPY2_285339,0,2,52,1101.449951171875,107.41197111387145,219.96180796527074,global,Phase 0: 364.58; Phase 1: 1073.11; Phase 2: 1101.45; Phase 3: 1068.45; Phase 4: 1035.13; Phase 5: 1005.05
ISPY2_286984,0,4,21,1391.5826416015625,107.41197111387145,219.96180796527074,global,Phase 0: 619.08; Phase 1: 1188.53; Phase 2: 1354.84; Phase 3: 1380.92; Phase 4: 1391.58; Phase 5: 1391.32
ISPY2_287300,0,2,37,754.7413940429688,107.41197111387145,219.96180796527074,global,Phase 0: 314.65; Phase 1: 715.69; Phase 2: 754.74; Phase 3: 730.58; Phase 4: 687.14; Phase 5: 709.46
ISPY2_287961,0,2,90,2564.295654296875,107.41197111387145,219.96180796527074,global,Phase 0: 839.50; Phase 1: 2382.55; Phase 2: 2564.30; Phase 3: 2523.69; Phase 4: 2467.74; Phase 5: 2409.77
ISPY2_289107,0,2,54,2957.4208984375,107.41197111387145,219.96180796527074,global,Phase 0: 1407.33; Phase 1: 2872.33; Phase 2: 2957.42; Phase 3: 2881.95; Phase 4: 2812.38; Phase 5: 2901.83
ISPY2_289420,0,5,41,653.0770263671875,107.41197111387145,219.96180796527074,global,Phase 0: 357.48; Phase 1: 521.81; Phase 2: 620.25; Phase 3: 633.97; Phase 4: 645.28; Phase 5: 653.08
ISPY2_290413,0,2,40,460.19580078125,107.41197111387145,219.96180796527074,global,Phase 0: 135.51; Phase 1: 397.56; Phase 2: 460.20; Phase 3: 434.28; Phase 4: 411.32; Phase 5: 391.39
ISPY2_291515,0,5,42,549.8038940429688,107.41197111387145,219.96180796527074,global,Phase 0: 297.31; Phase 1: 514.52; Phase 2: 539.03; Phase 3: 546.99; Phase 4: 548.36; Phase 5: 549.80
ISPY2_293142,0,2,40,3340.20068359375,107.41197111387145,219.96180796527074,global,Phase 0: 1037.09; Phase 1: 2835.11; Phase 2: 3340.20; Phase 3: 3282.35; Phase 4: 3161.90; Phase 5: 3097.75
ISPY2_294176,0,5,32,1601.3699951171875,107.41197111387145,219.96180796527074,global,Phase 0: 704.11; Phase 1: 1264.99; Phase 2: 1513.16; Phase 3: 1600.39; Phase 4: 1601.19; Phase 5: 1601.37
ISPY2_294265,0,5,30,1632.469970703125,107.41197111387145,219.96180796527074,global,Phase 0: 771.00; Phase 1: 1414.07; Phase 2: 1571.96; Phase 3: 1592.93; Phase 4: 1602.65; Phase 5: 1632.47
ISPY2_294739,0,5,18,472.8314514160156,107.41197111387145,219.96180796527074,global,Phase 0: 166.74; Phase 1: 295.48; Phase 2: 436.48; Phase 3: 465.51; Phase 4: 472.77; Phase 5: 472.83
ISPY2_296123,0,3,73,3045.938720703125,107.41197111387145,219.96180796527074,global,Phase 0: 1382.17; Phase 1: 2665.64; Phase 2: 3026.81; Phase 3: 3045.94; Phase 4: 3021.66; Phase 5: 2979.30
ISPY2_296841,0,2,45,462.9642028808594,107.41197111387145,219.96180796527074,global,Phase 0: 214.77; Phase 1: 433.82; Phase 2: 462.96; Phase 3: 447.95; Phase 4: 436.61; Phase 5: 427.83
ISPY2_298101,0,5,48,2181.369140625,107.41197111387145,219.96180796527074,global,Phase 0: 869.92; Phase 1: 1729.51; Phase 2: 2070.94; Phase 3: 2143.61; Phase 4: 2155.07; Phase 5: 2181.37
ISPY2_299364,0,5,95,570.2625122070312,107.41197111387145,219.96180796527074,global,Phase 0: 218.80; Phase 1: 233.58; Phase 2: 509.46; Phase 3: 561.58; Phase 4: 553.80; Phase 5: 570.26
ISPY2_299840,0,2,38,2071.45068359375,107.41197111387145,219.96180796527074,global,Phase 0: 845.77; Phase 1: 2003.43; Phase 2: 2071.45; Phase 3: 2043.95; Phase 4: 2024.25; Phase 5: 1987.11
ISPY2_299962,0,4,29,3880.628173828125,107.41197111387145,219.96180796527074,global,Phase 0: 1454.72; Phase 1: 3455.32; Phase 2: 3812.17; Phase 3: 3875.57; Phase 4: 3880.63; Phase 5: 3830.22
ISPY2_300724,0,4,45,1340.407958984375,107.41197111387145,219.96180796527074,global,Phase 0: 488.96; Phase 1: 1044.05; Phase 2: 1292.51; Phase 3: 1310.92; Phase 4: 1340.41; Phase 5: 1314.42
ISPY2_301289,0,2,36,374.1861877441406,107.41197111387145,219.96180796527074,global,Phase 0: 91.59; Phase 1: 296.04; Phase 2: 374.19; Phase 3: 348.66; Phase 4: 328.57; Phase 5: 316.59
ISPY2_301665,0,5,50,283.1409912109375,107.41197111387145,219.96180796527074,global,Phase 0: 120.01; Phase 1: 199.59; Phase 2: 252.18; Phase 3: 268.16; Phase 4: 278.13; Phase 5: 283.14
ISPY2_301968,0,2,56,4958.748046875,107.41197111387145,219.96180796527074,global,Phase 0: 2013.22; Phase 1: 4601.47; Phase 2: 4958.75; Phase 3: 4887.07; Phase 4: 4761.84; Phase 5: 4647.95
ISPY2_303685,0,2,73,330.56439208984375,107.41197111387145,219.96180796527074,global,Phase 0: 117.90; Phase 1: 239.30; Phase 2: 330.56; Phase 3: 328.37; Phase 4: 323.40; Phase 5: 316.12
ISPY2_303947,0,3,108,465.98583984375,107.41197111387145,219.96180796527074,global,Phase 0: 182.93; Phase 1: 334.47; Phase 2: 447.31; Phase 3: 465.99; Phase 4: 455.80; Phase 5: 452.47
ISPY2_306127,0,2,56,658.9861450195312,107.41197111387145,219.96180796527074,global,Phase 0: 236.73; Phase 1: 599.87; Phase 2: 658.99; Phase 3: 647.86; Phase 4: 633.29; Phase 5: 619.53
ISPY2_306401,0,2,44,411.3130187988281,107.41197111387145,219.96180796527074,global,Phase 0: 184.94; Phase 1: 391.49; Phase 2: 411.31; Phase 3: 405.98; Phase 4: 397.71; Phase 5: 385.02
ISPY2_307659,0,5,93,551.9270629882812,107.41197111387145,219.96180796527074,global,Phase 0: 174.70; Phase 1: 398.48; Phase 2: 499.81; Phase 3: 530.06; Phase 4: 544.53; Phase 5: 551.93
ISPY2_309830,0,3,70,750.182861328125,107.41197111387145,219.96180796527074,global,Phase 0: 251.95; Phase 1: 642.11; Phase 2: 746.75; Phase 3: 750.18; Phase 4: 736.55; Phase 5: 725.72
ISPY2_311316,0,2,61,583.2351684570312,107.41197111387145,219.96180796527074,global,Phase 0: 223.10; Phase 1: 504.01; Phase 2: 583.24; Phase 3: 542.48; Phase 4: 532.21; Phase 5: 496.91
ISPY2_311455,0,5,26,291.0743103027344,107.41197111387145,219.96180796527074,global,Phase 0: 124.59; Phase 1: 235.65; Phase 2: 280.39; Phase 3: 289.05; Phase 4: 289.60; Phase 5: 291.07
ISPY2_313243,0,2,46,1812.9010009765625,107.41197111387145,219.96180796527074,global,Phase 0: 853.67; Phase 1: 1622.98; Phase 2: 1812.90; Phase 3: 1751.85; Phase 4: 1763.59; Phase 5: 1737.67
ISPY2_313672,0,3,26,1485.2449951171875,107.41197111387145,219.96180796527074,global,Phase 0: 550.42; Phase 1: 1250.15; Phase 2: 1468.09; Phase 3: 1485.24; Phase 4: 1448.46; Phase 5: 1447.64
ISPY2_316996,0,2,27,816.148681640625,107.41197111387145,219.96180796527074,global,Phase 0: 362.68; Phase 1: 715.49; Phase 2: 816.15; Phase 3: 814.77; Phase 4: 799.36; Phase 5: 786.39
ISPY2_317131,0,3,34,481.4018249511719,107.41197111387145,219.96180796527074,global,Phase 0: 225.03; Phase 1: 425.06; Phase 2: 480.07; Phase 3: 481.40; Phase 4: 475.17; Phase 5: 468.46
ISPY2_317402,0,2,34,1016.5181884765625,107.41197111387145,219.96180796527074,global,Phase 0: 557.06; Phase 1: 915.72; Phase 2: 1016.52; Phase 3: 1015.94; Phase 4: 981.69; Phase 5: 988.73
ISPY2_317641,0,5,46,765.1873168945312,107.41197111387145,219.96180796527074,global,Phase 0: 431.75; Phase 1: 606.85; Phase 2: 690.47; Phase 3: 718.04; Phase 4: 739.08; Phase 5: 765.19
ISPY2_318293,0,5,46,1613.5885009765625,107.41197111387145,219.96180796527074,global,Phase 0: 700.91; Phase 1: 1089.40; Phase 2: 1395.40; Phase 3: 1507.03; Phase 4: 1574.47; Phase 5: 1613.59
ISPY2_318407,0,2,87,845.9183349609375,107.41197111387145,219.96180796527074,global,Phase 0: 282.39; Phase 1: 723.90; Phase 2: 845.92; Phase 3: 831.28; Phase 4: 814.88; Phase 5: 796.45
ISPY2_318438,0,2,90,617.3460693359375,107.41197111387145,219.96180796527074,global,Phase 0: 269.32; Phase 1: 527.48; Phase 2: 617.35; Phase 3: 616.49; Phase 4: 605.83; Phase 5: 593.87
ISPY2_318569,0,5,58,1230.6829833984375,107.41197111387145,219.96180796527074,global,Phase 0: 510.25; Phase 1: 1049.13; Phase 2: 1149.58; Phase 3: 1198.96; Phase 4: 1224.31; Phase 5: 1230.68
ISPY2_319324,0,2,44,1994.236328125,107.41197111387145,219.96180796527074,global,Phase 0: 560.32; Phase 1: 1869.64; Phase 2: 1994.24; Phase 3: 1919.32; Phase 4: 1858.78; Phase 5: 1743.86
ISPY2_320538,0,3,24,744.641357421875,107.41197111387145,219.96180796527074,global,Phase 0: 407.71; Phase 1: 695.21; Phase 2: 738.05; Phase 3: 744.64; Phase 4: 724.95; Phase 5: 741.02
ISPY2_323721,0,2,44,982.5921630859375,107.41197111387145,219.96180796527074,global,Phase 0: 488.72; Phase 1: 956.55; Phase 2: 982.59; Phase 3: 942.96; Phase 4: 973.73; Phase 5: 977.15
ISPY2_324021,0,2,31,1903.958984375,107.41197111387145,219.96180796527074,global,Phase 0: 758.74; Phase 1: 1814.09; Phase 2: 1903.96; Phase 3: 1902.11; Phase 4: 1851.92; Phase 5: 1828.18
ISPY2_326202,0,4,76,3663.447998046875,107.41197111387145,219.96180796527074,global,Phase 0: 1386.49; Phase 1: 3260.35; Phase 2: 3596.61; Phase 3: 3656.62; Phase 4: 3663.45; Phase 5: 3623.41
ISPY2_326433,0,2,92,671.45458984375,107.41197111387145,219.96180796527074,global,Phase 0: 280.15; Phase 1: 561.55; Phase 2: 671.45; Phase 3: 664.74; Phase 4: 653.63; Phase 5: 640.79
ISPY2_327133,0,3,76,371.0072326660156,107.41197111387145,219.96180796527074,global,Phase 0: 150.06; Phase 1: 271.22; Phase 2: 361.53; Phase 3: 371.01; Phase 4: 365.63; Phase 5: 355.60
ISPY2_327142,0,5,47,521.9373168945312,107.41197111387145,219.96180796527074,global,Phase 0: 158.90; Phase 1: 359.18; Phase 2: 467.76; Phase 3: 498.18; Phase 4: 513.95; Phase 5: 521.94
ISPY2_327917,0,4,25,373.74676513671875,107.41197111387145,219.96180796527074,global,Phase 0: 102.09; Phase 1: 278.46; Phase 2: 360.62; Phase 3: 370.90; Phase 4: 373.75; Phase 5: 369.12
ISPY2_328160,0,4,46,601.02734375,107.41197111387145,219.96180796527074,global,Phase 0: 285.25; Phase 1: 465.12; Phase 2: 578.35; Phase 3: 594.24; Phase 4: 601.03; Phase 5: 600.30
ISPY2_329076,0,5,32,1167.1417236328125,107.41197111387145,219.96180796527074,global,Phase 0: 539.92; Phase 1: 1011.47; Phase 2: 1137.42; Phase 3: 1164.50; Phase 4: 1163.72; Phase 5: 1167.14
ISPY2_329941,0,2,47,1824.5712890625,107.41197111387145,219.96180796527074,global,Phase 0: 665.50; Phase 1: 1643.19; Phase 2: 1824.57; Phase 3: 1789.95; Phase 4: 1747.89; Phase 5: 1765.35
ISPY2_330134,0,4,39,1634.966796875,107.41197111387145,219.96180796527074,global,Phase 0: 730.69; Phase 1: 1492.86; Phase 2: 1521.05; Phase 3: 1621.45; Phase 4: 1634.97; Phase 5: 1524.43
ISPY2_331192,0,2,71,596.5618286132812,107.41197111387145,219.96180796527074,global,Phase 0: 297.33; Phase 1: 499.00; Phase 2: 596.56; Phase 3: 586.29; Phase 4: 580.93; Phase 5: 574.39
ISPY2_332655,0,4,30,259.2366638183594,107.41197111387145,219.96180796527074,global,Phase 0: 106.04; Phase 1: 206.30; Phase 2: 255.13; Phase 3: 258.45; Phase 4: 259.24; Phase 5: 257.04
ISPY2_333145,0,1,52,522.844482421875,107.41197111387145,219.96180796527074,global,Phase 0: 149.20; Phase 1: 522.84; Phase 2: 500.92; Phase 3: 480.56; Phase 4: 474.04; Phase 5: 463.94
ISPY2_335091,0,4,106,1741.0631103515625,107.41197111387145,219.96180796527074,global,Phase 0: 608.35; Phase 1: 1558.69; Phase 2: 1668.56; Phase 3: 1719.05; Phase 4: 1741.06; Phase 5: 1736.54
ISPY2_335536,0,3,21,1043.12109375,107.41197111387145,219.96180796527074,global,Phase 0: 589.15; Phase 1: 972.12; Phase 2: 1028.21; Phase 3: 1043.12; Phase 4: 1025.84; Phase 5: 973.32
ISPY2_340186,0,4,72,2301.30322265625,107.41197111387145,219.96180796527074,global,Phase 0: 1283.62; Phase 1: 2184.16; Phase 2: 2266.67; Phase 3: 2288.32; Phase 4: 2301.30; Phase 5: 2298.40
ISPY2_341238,0,5,52,166.21990966796875,107.41197111387145,219.96180796527074,global,Phase 0: 76.18; Phase 1: 98.27; Phase 2: 129.45; Phase 3: 145.86; Phase 4: 158.10; Phase 5: 166.22
ISPY2_342142,0,2,38,1790.440185546875,107.41197111387145,219.96180796527074,global,Phase 0: 805.22; Phase 1: 1752.02; Phase 2: 1790.44; Phase 3: 1747.27; Phase 4: 1742.69; Phase 5: 1732.03
ISPY2_342959,0,4,83,1544.8995361328125,107.41197111387145,219.96180796527074,global,Phase 0: 723.20; Phase 1: 737.86; Phase 2: 1480.32; Phase 3: 1539.07; Phase 4: 1544.90; Phase 5: 1540.30
ISPY2_342996,0,5,54,1598.244873046875,107.41197111387145,219.96180796527074,global,Phase 0: 739.75; Phase 1: 1276.54; Phase 2: 1527.33; Phase 3: 1543.14; Phase 4: 1545.39; Phase 5: 1598.24
ISPY2_343898,0,1,64,1184.8736572265625,107.41197111387145,219.96180796527074,global,Phase 0: 432.39; Phase 1: 1184.87; Phase 2: 1175.06; Phase 3: 1161.18; Phase 4: 1145.27; Phase 5: 1119.74
ISPY2_345460,0,5,114,1282.2518310546875,107.41197111387145,219.96180796527074,global,Phase 0: 664.16; Phase 1: 920.62; Phase 2: 1183.89; Phase 3: 1249.38; Phase 4: 1267.30; Phase 5: 1282.25
ISPY2_345483,0,5,46,389.38055419921875,107.41197111387145,219.96180796527074,global,Phase 0: 160.05; Phase 1: 311.70; Phase 2: 387.44; Phase 3: 385.92; Phase 4: 388.32; Phase 5: 389.38
ISPY2_345574,0,2,53,526.7343139648438,107.41197111387145,219.96180796527074,global,Phase 0: 239.38; Phase 1: 481.20; Phase 2: 526.73; Phase 3: 523.75; Phase 4: 508.75; Phase 5: 496.97
ISPY2_345907,0,5,31,687.3958740234375,107.41197111387145,219.96180796527074,global,Phase 0: 338.30; Phase 1: 519.24; Phase 2: 629.02; Phase 3: 654.85; Phase 4: 681.69; Phase 5: 687.40
ISPY2_347516,0,5,12,639.0233764648438,107.41197111387145,219.96180796527074,global,Phase 0: 252.54; Phase 1: 565.78; Phase 2: 614.20; Phase 3: 616.14; Phase 4: 630.40; Phase 5: 639.02
ISPY2_348009,0,5,53,433.9434509277344,107.41197111387145,219.96180796527074,global,Phase 0: 206.63; Phase 1: 375.08; Phase 2: 430.21; Phase 3: 433.72; Phase 4: 432.50; Phase 5: 433.94
ISPY2_349225,0,5,38,1755.7388916015625,107.41197111387145,219.96180796527074,global,Phase 0: 645.99; Phase 1: 1272.63; Phase 2: 1582.25; Phase 3: 1665.68; Phase 4: 1730.18; Phase 5: 1755.74
ISPY2_349330,0,5,52,743.8754272460938,107.41197111387145,219.96180796527074,global,Phase 0: 329.45; Phase 1: 615.85; Phase 2: 714.26; Phase 3: 713.59; Phase 4: 742.10; Phase 5: 743.88
ISPY2_349639,0,4,111,1764.9010009765625,107.41197111387145,219.96180796527074,global,Phase 0: 933.25; Phase 1: 1389.85; Phase 2: 1658.62; Phase 3: 1706.18; Phase 4: 1764.90; Phase 5: 1760.23
ISPY2_350331,0,3,50,379.19091796875,107.41197111387145,219.96180796527074,global,Phase 0: 150.69; Phase 1: 308.65; Phase 2: 374.02; Phase 3: 379.19; Phase 4: 372.59; Phase 5: 367.70
ISPY2_353318,0,3,34,584.7910766601562,107.41197111387145,219.96180796527074,global,Phase 0: 219.13; Phase 1: 527.93; Phase 2: 583.74; Phase 3: 584.79; Phase 4: 582.27; Phase 5: 575.12
ISPY2_355292,0,2,44,269.3397521972656,107.41197111387145,219.96180796527074,global,Phase 0: 78.82; Phase 1: 224.12; Phase 2: 269.34; Phase 3: 257.22; Phase 4: 249.92; Phase 5: 248.46
ISPY2_355942,0,2,56,3199.271240234375,107.41197111387145,219.96180796527074,global,Phase 0: 1250.30; Phase 1: 2813.93; Phase 2: 3199.27; Phase 3: 3055.66; Phase 4: 2999.30; Phase 5: 3015.93
ISPY2_356399,0,5,25,4716.10302734375,107.41197111387145,219.96180796527074,global,Phase 0: 2643.70; Phase 1: 3907.43; Phase 2: 4435.17; Phase 3: 4584.50; Phase 4: 4661.68; Phase 5: 4716.10
ISPY2_356431,0,3,37,1208.042724609375,107.41197111387145,219.96180796527074,global,Phase 0: 455.30; Phase 1: 1004.39; Phase 2: 1193.03; Phase 3: 1208.04; Phase 4: 1192.05; Phase 5: 1174.09
ISPY2_356684,0,3,67,1919.92822265625,107.41197111387145,219.96180796527074,global,Phase 0: 739.72; Phase 1: 1719.80; Phase 2: 1917.07; Phase 3: 1919.93; Phase 4: 1900.29; Phase 5: 1895.72
ISPY2_357017,0,2,91,1256.069091796875,107.41197111387145,219.96180796527074,global,Phase 0: 633.01; Phase 1: 707.45; Phase 2: 1256.07; Phase 3: 1225.82; Phase 4: 1187.99; Phase 5: 1154.56
ISPY2_357034,0,1,26,423.2758483886719,107.41197111387145,219.96180796527074,global,Phase 0: 153.31; Phase 1: 423.28; Phase 2: 367.39; Phase 3: 326.05; Phase 4: 322.22; Phase 5: 313.22
ISPY2_360937,0,5,32,1199.2701416015625,107.41197111387145,219.96180796527074,global,Phase 0: 557.19; Phase 1: 627.91; Phase 2: 1009.35; Phase 3: 1112.77; Phase 4: 1199.04; Phase 5: 1199.27
ISPY2_361701,0,3,37,927.6279907226562,107.41197111387145,219.96180796527074,global,Phase 0: 464.65; Phase 1: 858.58; Phase 2: 925.86; Phase 3: 927.63; Phase 4: 915.83; Phase 5: 898.10
ISPY2_362150,0,4,35,1008.2334594726562,107.41197111387145,219.96180796527074,global,Phase 0: 511.92; Phase 1: 785.99; Phase 2: 948.77; Phase 3: 987.42; Phase 4: 1008.23; Phase 5: 983.44
ISPY2_362993,0,4,88,2238.94091796875,107.41197111387145,219.96180796527074,global,Phase 0: 1007.82; Phase 1: 1742.53; Phase 2: 2072.54; Phase 3: 2163.25; Phase 4: 2238.94; Phase 5: 2235.57
ISPY2_363669,0,5,56,1038.239990234375,107.41197111387145,219.96180796527074,global,Phase 0: 628.23; Phase 1: 970.38; Phase 2: 1037.38; Phase 3: 1025.93; Phase 4: 1033.46; Phase 5: 1038.24
ISPY2_366120,0,4,35,334.79638671875,107.41197111387145,219.96180796527074,global,Phase 0: 103.54; Phase 1: 208.52; Phase 2: 279.59; Phase 3: 309.31; Phase 4: 334.80; Phase 5: 331.16
ISPY2_367682,0,1,50,1898.6861572265625,107.41197111387145,219.96180796527074,global,Phase 0: 730.36; Phase 1: 1898.69; Phase 2: 1834.74; Phase 3: 1743.82; Phase 4: 1659.50; Phase 5: 1622.04
ISPY2_369040,0,3,50,2940.470703125,107.41197111387145,219.96180796527074,global,Phase 0: 1067.97; Phase 1: 2584.24; Phase 2: 2869.08; Phase 3: 2940.47; Phase 4: 2851.62; Phase 5: 2843.53
ISPY2_371528,0,2,47,292.99462890625,107.41197111387145,219.96180796527074,global,Phase 0: 83.04; Phase 1: 234.06; Phase 2: 292.99; Phase 3: 276.69; Phase 4: 265.63; Phase 5: 261.04
ISPY2_373346,0,5,49,1113.120849609375,107.41197111387145,219.96180796527074,global,Phase 0: 649.03; Phase 1: 1001.17; Phase 2: 1091.32; Phase 3: 1103.52; Phase 4: 1110.13; Phase 5: 1113.12
ISPY2_373672,0,2,88,3067.294189453125,107.41197111387145,219.96180796527074,global,Phase 0: 1239.81; Phase 1: 2862.32; Phase 2: 3067.29; Phase 3: 3066.71; Phase 4: 3061.00; Phase 5: 3006.94
ISPY2_374106,0,5,47,2681.572021484375,107.41197111387145,219.96180796527074,global,Phase 0: 1107.43; Phase 1: 2213.75; Phase 2: 2519.26; Phase 3: 2630.58; Phase 4: 2675.50; Phase 5: 2681.57
ISPY2_374121,0,2,49,1945.2733154296875,107.41197111387145,219.96180796527074,global,Phase 0: 814.16; Phase 1: 1785.94; Phase 2: 1945.27; Phase 3: 1901.96; Phase 4: 1845.60; Phase 5: 1798.86
ISPY2_375342,0,4,72,1544.6627197265625,107.41197111387145,219.96180796527074,global,Phase 0: 733.28; Phase 1: 1180.71; Phase 2: 1447.42; Phase 3: 1528.23; Phase 4: 1544.66; Phase 5: 1539.22
ISPY2_375455,0,2,50,433.3277587890625,107.41197111387145,219.96180796527074,global,Phase 0: 191.82; Phase 1: 387.31; Phase 2: 433.33; Phase 3: 432.42; Phase 4: 412.47; Phase 5: 400.61
ISPY2_376676,0,2,41,3814.670166015625,107.41197111387145,219.96180796527074,global,Phase 0: 1233.15; Phase 1: 3102.21; Phase 2: 3814.67; Phase 3: 3777.51; Phase 4: 3752.93; Phase 5: 3633.17
ISPY2_377460,0,3,78,232.3948974609375,107.41197111387145,219.96180796527074,global,Phase 0: 135.61; Phase 1: 191.54; Phase 2: 228.87; Phase 3: 232.39; Phase 4: 232.15; Phase 5: 230.58
ISPY2_378401,0,4,46,2598.34521484375,107.41197111387145,219.96180796527074,global,Phase 0: 872.89; Phase 1: 2063.68; Phase 2: 2481.73; Phase 3: 2570.51; Phase 4: 2598.35; Phase 5: 2565.26
ISPY2_378885,0,2,67,590.1568603515625,107.41197111387145,219.96180796527074,global,Phase 0: 264.82; Phase 1: 493.94; Phase 2: 590.16; Phase 3: 586.35; Phase 4: 578.62; Phase 5: 573.34
ISPY2_380239,0,5,54,1085.76171875,107.41197111387145,219.96180796527074,global,Phase 0: 431.59; Phase 1: 740.20; Phase 2: 914.19; Phase 3: 1005.25; Phase 4: 1068.83; Phase 5: 1085.76
ISPY2_380769,0,4,58,375.5302734375,107.41197111387145,219.96180796527074,global,Phase 0: 143.13; Phase 1: 295.00; Phase 2: 369.97; Phase 3: 375.34; Phase 4: 375.53; Phase 5: 369.80
ISPY2_380972,0,2,23,995.1875,107.41197111387145,219.96180796527074,global,Phase 0: 511.28; Phase 1: 948.81; Phase 2: 995.19; Phase 3: 972.96; Phase 4: 960.65; Phase 5: 940.65
ISPY2_382853,0,4,23,297.6445617675781,107.41197111387145,219.96180796527074,global,Phase 0: 130.39; Phase 1: 222.43; Phase 2: 284.29; Phase 3: 297.01; Phase 4: 297.64; Phase 5: 296.25
ISPY2_383456,0,4,45,918.52099609375,107.41197111387145,219.96180796527074,global,Phase 0: 496.38; Phase 1: 759.56; Phase 2: 848.63; Phase 3: 906.22; Phase 4: 918.52; Phase 5: 889.29
ISPY2_384830,0,2,51,445.5279235839844,107.41197111387145,219.96180796527074,global,Phase 0: 148.85; Phase 1: 358.84; Phase 2: 445.53; Phase 3: 442.49; Phase 4: 433.09; Phase 5: 428.91
ISPY2_386664,0,3,32,110.29438781738281,107.41197111387145,219.96180796527074,global,Phase 0: 65.64; Phase 1: 100.65; Phase 2: 104.79; Phase 3: 110.29; Phase 4: 109.92; Phase 5: 108.66
ISPY2_388581,0,1,95,1854.6358642578125,107.41197111387145,219.96180796527074,global,Phase 0: 911.18; Phase 1: 1854.64; Phase 2: 1747.08; Phase 3: 1755.73; Phase 4: 1812.89
ISPY2_391942,0,3,45,176.34336853027344,107.41197111387145,219.96180796527074,global,Phase 0: 82.60; Phase 1: 134.80; Phase 2: 173.73; Phase 3: 176.34; Phase 4: 175.10; Phase 5: 174.43
ISPY2_395076,0,5,48,1064.614501953125,107.41197111387145,219.96180796527074,global,Phase 0: 501.27; Phase 1: 770.24; Phase 2: 984.11; Phase 3: 1008.64; Phase 4: 1048.20; Phase 5: 1064.61
ISPY2_395249,0,5,47,2518.22021484375,107.41197111387145,219.96180796527074,global,Phase 0: 1253.09; Phase 1: 1805.06; Phase 2: 2241.29; Phase 3: 2377.43; Phase 4: 2458.83; Phase 5: 2518.22
ISPY2_395379,0,4,125,808.2640380859375,107.41197111387145,219.96180796527074,global,Phase 0: 289.28; Phase 1: 627.10; Phase 2: 733.17; Phase 3: 783.80; Phase 4: 808.26
ISPY2_396723,0,2,37,558.44384765625,107.41197111387145,219.96180796527074,global,Phase 0: 183.93; Phase 1: 447.83; Phase 2: 558.44; Phase 3: 551.73; Phase 4: 528.32; Phase 5: 503.81
ISPY2_397505,0,3,112,2651.82177734375,107.41197111387145,219.96180796527074,global,Phase 0: 1262.56; Phase 1: 2534.74; Phase 2: 2639.82; Phase 3: 2651.82; Phase 4: 2611.48; Phase 5: 2582.16
ISPY2_399478,0,5,50,414.6480407714844,107.41197111387145,219.96180796527074,global,Phase 0: 180.11; Phase 1: 235.16; Phase 2: 336.47; Phase 3: 370.98; Phase 4: 401.22; Phase 5: 414.65
ISPY2_401215,0,5,21,986.3197631835938,107.41197111387145,219.96180796527074,global,Phase 0: 507.96; Phase 1: 866.15; Phase 2: 967.66; Phase 3: 983.52; Phase 4: 981.58; Phase 5: 986.32
ISPY2_402265,0,3,87,2927.725830078125,107.41197111387145,219.96180796527074,global,Phase 0: 1056.64; Phase 1: 2628.63; Phase 2: 2924.37; Phase 3: 2927.73; Phase 4: 2897.82; Phase 5: 2858.39
ISPY2_402384,0,5,86,757.2232055664062,107.41197111387145,219.96180796527074,global,Phase 0: 594.79; Phase 1: 607.47; Phase 2: 733.52; Phase 3: 751.60; Phase 4: 755.99; Phase 5: 757.22
ISPY2_405717,0,2,72,3123.251953125,107.41197111387145,219.96180796527074,global,Phase 0: 1348.81; Phase 1: 2644.88; Phase 2: 3123.25; Phase 3: 3102.97; Phase 4: 3076.46
ISPY2_406190,0,4,24,307.38739013671875,107.41197111387145,219.96180796527074,global,Phase 0: 137.14; Phase 1: 228.83; Phase 2: 281.98; Phase 3: 299.68; Phase 4: 307.39; Phase 5: 305.61
ISPY2_407539,0,3,24,2064.80419921875,107.41197111387145,219.96180796527074,global,Phase 0: 745.79; Phase 1: 1723.45; Phase 2: 2051.42; Phase 3: 2064.80; Phase 4: 2039.82; Phase 5: 2002.39
ISPY2_408692,0,4,24,704.0438842773438,107.41197111387145,219.96180796527074,global,Phase 0: 374.24; Phase 1: 599.00; Phase 2: 685.67; Phase 3: 700.28; Phase 4: 704.04; Phase 5: 703.36
ISPY2_409288,0,5,38,1532.00927734375,107.41197111387145,219.96180796527074,global,Phase 0: 733.14; Phase 1: 1211.86; Phase 2: 1464.98; Phase 3: 1513.89; Phase 4: 1520.54; Phase 5: 1532.01
ISPY2_410083,0,5,41,1197.3248291015625,107.41197111387145,219.96180796527074,global,Phase 0: 451.42; Phase 1: 874.25; Phase 2: 1007.56; Phase 3: 1127.01; Phase 4: 1183.11; Phase 5: 1197.32
ISPY2_411008,0,2,86,891.7883911132812,107.41197111387145,219.96180796527074,global,Phase 0: 375.21; Phase 1: 767.41; Phase 2: 891.79; Phase 3: 875.73; Phase 4: 870.24; Phase 5: 853.65
ISPY2_411684,0,3,79,2395.274658203125,107.41197111387145,219.96180796527074,global,Phase 0: 933.47; Phase 1: 2089.85; Phase 2: 2389.59; Phase 3: 2395.27; Phase 4: 2375.46; Phase 5: 2383.18
ISPY2_411806,0,2,59,212.23602294921875,107.41197111387145,219.96180796527074,global,Phase 0: 79.33; Phase 1: 201.67; Phase 2: 212.24; Phase 3: 197.82; Phase 4: 187.41; Phase 5: 169.13
ISPY2_411950,0,5,50,392.758544921875,107.41197111387145,219.96180796527074,global,Phase 0: 175.85; Phase 1: 325.88; Phase 2: 388.53; Phase 3: 391.75; Phase 4: 388.92; Phase 5: 392.76
ISPY2_412772,0,3,39,439.05108642578125,107.41197111387145,219.96180796527074,global,Phase 0: 178.52; Phase 1: 361.92; Phase 2: 437.31; Phase 3: 439.05; Phase 4: 425.66; Phase 5: 420.66
ISPY2_413211,0,2,28,620.9027709960938,107.41197111387145,219.96180796527074,global,Phase 0: 272.07; Phase 1: 569.07; Phase 2: 620.90; Phase 3: 619.85; Phase 4: 614.32; Phase 5: 606.51
ISPY2_413961,0,2,32,338.1597900390625,107.41197111387145,219.96180796527074,global,Phase 0: 163.09; Phase 1: 293.94; Phase 2: 338.16; Phase 3: 331.85; Phase 4: 335.37; Phase 5: 324.40
ISPY2_414256,0,2,44,173.82447814941406,107.41197111387145,219.96180796527074,global,Phase 0: 75.05; Phase 1: 163.55; Phase 2: 173.82; Phase 3: 168.77; Phase 4: 164.08; Phase 5: 159.36
ISPY2_414286,0,5,76,550.536376953125,107.41197111387145,219.96180796527074,global,Phase 0: 288.32; Phase 1: 401.56; Phase 2: 500.38; Phase 3: 532.87; Phase 4: 546.31; Phase 5: 550.54
ISPY2_414844,0,3,87,294.586181640625,107.41197111387145,219.96180796527074,global,Phase 0: 119.67; Phase 1: 214.39; Phase 2: 291.34; Phase 3: 294.59; Phase 4: 293.42; Phase 5: 294.54
ISPY2_414971,0,5,46,2235.625732421875,107.41197111387145,219.96180796527074,global,Phase 0: 1306.12; Phase 1: 2043.29; Phase 2: 2206.85; Phase 3: 2220.41; Phase 4: 2225.43; Phase 5: 2235.63
ISPY2_415039,0,3,70,505.91217041015625,107.41197111387145,219.96180796527074,global,Phase 0: 228.60; Phase 1: 471.69; Phase 2: 505.06; Phase 3: 505.91; Phase 4: 505.55; Phase 5: 500.33
ISPY2_416434,0,2,39,2449.896484375,107.41197111387145,219.96180796527074,global,Phase 0: 914.40; Phase 1: 2302.73; Phase 2: 2449.90; Phase 3: 2416.75; Phase 4: 2334.02; Phase 5: 2249.95
ISPY2_417474,0,5,41,587.1946411132812,107.41197111387145,219.96180796527074,global,Phase 0: 302.62; Phase 1: 440.25; Phase 2: 531.81; Phase 3: 566.15; Phase 4: 581.92; Phase 5: 587.19
ISPY2_417654,0,2,23,468.4302673339844,107.41197111387145,219.96180796527074,global,Phase 0: 215.01; Phase 1: 393.26; Phase 2: 468.43; Phase 3: 465.41; Phase 4: 466.01; Phase 5: 467.50
ISPY2_418593,0,4,46,935.7424926757812,107.41197111387145,219.96180796527074,global,Phase 0: 309.51; Phase 1: 673.11; Phase 2: 887.85; Phase 3: 923.23; Phase 4: 935.74; Phase 5: 933.23
ISPY2_419590,0,4,44,744.158203125,107.41197111387145,219.96180796527074,global,Phase 0: 382.95; Phase 1: 631.08; Phase 2: 716.15; Phase 3: 737.08; Phase 4: 744.16; Phase 5: 739.20
ISPY2_420523,0,5,63,1708.32373046875,107.41197111387145,219.96180796527074,global,Phase 0: 659.42; Phase 1: 694.23; Phase 2: 1511.24; Phase 3: 1622.55; Phase 4: 1670.89; Phase 5: 1708.32
ISPY2_421829,0,3,126,1236.3406982421875,107.41197111387145,219.96180796527074,global,Phase 0: 434.85; Phase 1: 1062.95; Phase 2: 1205.22; Phase 3: 1236.34; Phase 4: 1233.03; Phase 5: 1206.80
ISPY2_421917,0,5,22,895.067138671875,107.41197111387145,219.96180796527074,global,Phase 0: 570.42; Phase 1: 809.08; Phase 2: 885.55; Phase 3: 876.43; Phase 4: 888.07; Phase 5: 895.07
ISPY2_422013,0,5,65,1298.636474609375,107.41197111387145,219.96180796527074,global,Phase 0: 647.41; Phase 1: 757.62; Phase 2: 1223.39; Phase 3: 1270.42; Phase 4: 1275.10; Phase 5: 1298.64
ISPY2_422450,0,2,89,597.6364135742188,107.41197111387145,219.96180796527074,global,Phase 0: 259.48; Phase 1: 539.62; Phase 2: 597.64; Phase 3: 592.63; Phase 4: 581.57
ISPY2_422454,0,3,83,533.8032836914062,107.41197111387145,219.96180796527074,global,Phase 0: 210.84; Phase 1: 433.07; Phase 2: 525.88; Phase 3: 533.80; Phase 4: 525.98; Phase 5: 516.01
ISPY2_423619,0,4,43,2077.58154296875,107.41197111387145,219.96180796527074,global,Phase 0: 807.78; Phase 1: 1612.75; Phase 2: 2012.09; Phase 3: 2044.59; Phase 4: 2077.58; Phase 5: 2055.88
ISPY2_423979,0,5,43,185.68704223632812,107.41197111387145,219.96180796527074,global,Phase 0: 88.08; Phase 1: 132.18; Phase 2: 165.89; Phase 3: 180.49; Phase 4: 181.36; Phase 5: 185.69
ISPY2_424541,0,2,46,1679.125,107.41197111387145,219.96180796527074,global,Phase 0: 724.01; Phase 1: 1582.83; Phase 2: 1679.12; Phase 3: 1676.85; Phase 4: 1629.25; Phase 5: 1629.65
ISPY2_425173,0,3,29,218.1125946044922,107.41197111387145,219.96180796527074,global,Phase 0: 103.95; Phase 1: 200.07; Phase 2: 218.01; Phase 3: 218.11; Phase 4: 216.30; Phase 5: 214.35
ISPY2_426106,0,4,60,2882.05224609375,107.41197111387145,219.96180796527074,global,Phase 0: 1086.15; Phase 1: 2417.31; Phase 2: 2822.86; Phase 3: 2875.67; Phase 4: 2882.05; Phase 5: 2869.31
ISPY2_427321,0,1,29,224.0218963623047,107.41197111387145,219.96180796527074,global,Phase 0: 70.11; Phase 1: 224.02; Phase 2: 206.44; Phase 3: 199.07; Phase 4: 195.17; Phase 5: 194.42
ISPY2_429220,0,2,79,495.9807434082031,107.41197111387145,219.96180796527074,global,Phase 0: 220.09; Phase 1: 485.60; Phase 2: 495.98; Phase 3: 488.06; Phase 4: 477.26; Phase 5: 471.01
ISPY2_430441,0,4,100,403.17218017578125,107.41197111387145,219.96180796527074,global,Phase 0: 181.91; Phase 1: 322.80; Phase 2: 388.93; Phase 3: 401.01; Phase 4: 403.17; Phase 5: 399.62
ISPY2_431061,0,5,24,1521.906005859375,107.41197111387145,219.96180796527074,global,Phase 0: 690.14; Phase 1: 1253.44; Phase 2: 1439.86; Phase 3: 1498.53; Phase 4: 1487.47; Phase 5: 1521.91
ISPY2_432114,0,2,36,3919.511962890625,107.41197111387145,219.96180796527074,global,Phase 0: 1924.77; Phase 1: 3765.91; Phase 2: 3919.51; Phase 3: 3851.89; Phase 4: 3809.77; Phase 5: 3779.81
ISPY2_433144,0,5,106,2676.472412109375,107.41197111387145,219.96180796527074,global,Phase 0: 2059.36; Phase 1: 2467.93; Phase 2: 2623.65; Phase 3: 2618.86; Phase 4: 2642.85; Phase 5: 2676.47
ISPY2_435279,0,5,35,3311.82421875,107.41197111387145,219.96180796527074,global,Phase 0: 1417.25; Phase 1: 2278.39; Phase 2: 2872.94; Phase 3: 3101.16; Phase 4: 3240.85; Phase 5: 3311.82
ISPY2_435313,0,3,40,242.20025634765625,107.41197111387145,219.96180796527074,global,Phase 0: 109.60; Phase 1: 202.48; Phase 2: 242.16; Phase 3: 242.20; Phase 4: 240.23; Phase 5: 239.56
ISPY2_436371,0,2,44,1523.760986328125,107.41197111387145,219.96180796527074,global,Phase 0: 544.63; Phase 1: 1346.44; Phase 2: 1523.76; Phase 3: 1464.45; Phase 4: 1468.16; Phase 5: 1410.25
ISPY2_437162,0,3,59,2549.814697265625,107.41197111387145,219.96180796527074,global,Phase 0: 1090.65; Phase 1: 2305.63; Phase 2: 2522.31; Phase 3: 2549.81; Phase 4: 2522.75; Phase 5: 2460.96
ISPY2_437968,0,3,46,626.3223876953125,107.41197111387145,219.96180796527074,global,Phase 0: 299.54; Phase 1: 531.95; Phase 2: 620.15; Phase 3: 626.32; Phase 4: 619.20; Phase 5: 611.41
ISPY2_439489,0,2,32,1623.7744140625,107.41197111387145,219.96180796527074,global,Phase 0: 619.38; Phase 1: 1522.06; Phase 2: 1623.77; Phase 3: 1616.11; Phase 4: 1533.99; Phase 5: 1519.14
ISPY2_442637,0,5,21,958.0707397460938,107.41197111387145,219.96180796527074,global,Phase 0: 366.84; Phase 1: 673.79; Phase 2: 850.99; Phase 3: 908.89; Phase 4: 939.83; Phase 5: 958.07
ISPY2_442669,0,1,16,1543.4483642578125,107.41197111387145,219.96180796527074,global,Phase 0: 592.03; Phase 1: 1543.45; Phase 2: 1512.66; Phase 3: 1483.60; Phase 4: 1424.75; Phase 5: 1445.55
ISPY2_442981,0,3,62,284.6390075683594,107.41197111387145,219.96180796527074,global,Phase 0: 110.78; Phase 1: 227.73; Phase 2: 280.58; Phase 3: 284.64; Phase 4: 282.76; Phase 5: 279.36
ISPY2_443444,0,4,33,401.0877380371094,107.41197111387145,219.96180796527074,global,Phase 0: 175.35; Phase 1: 291.13; Phase 2: 387.99; Phase 3: 393.68; Phase 4: 401.09; Phase 5: 397.44
ISPY2_443708,0,4,52,171.5039825439453,107.41197111387145,219.96180796527074,global,Phase 0: 90.48; Phase 1: 147.04; Phase 2: 167.95; Phase 3: 171.05; Phase 4: 171.50; Phase 5: 170.05
ISPY2_446263,0,3,35,1252.9959716796875,107.41197111387145,219.96180796527074,global,Phase 0: 565.42; Phase 1: 1058.64; Phase 2: 1180.31; Phase 3: 1253.00; Phase 4: 1236.65; Phase 5: 1242.77
ISPY2_451482,0,5,108,3038.627197265625,107.41197111387145,219.96180796527074,global,Phase 0: 1138.43; Phase 1: 2062.95; Phase 2: 2684.60; Phase 3: 2937.90; Phase 4: 2990.43; Phase 5: 3038.63
ISPY2_451816,0,5,37,388.8097229003906,107.41197111387145,219.96180796527074,global,Phase 0: 180.88; Phase 1: 287.42; Phase 2: 361.10; Phase 3: 376.81; Phase 4: 383.80; Phase 5: 388.81
ISPY2_452703,0,4,71,1018.7100219726562,107.41197111387145,219.96180796527074,global,Phase 0: 291.98; Phase 1: 798.98; Phase 2: 993.67; Phase 3: 1007.70; Phase 4: 1018.71; Phase 5: 1002.95
ISPY2_453596,0,4,42,1513.8427734375,107.41197111387145,219.96180796527074,global,Phase 0: 722.97; Phase 1: 1400.58; Phase 2: 1504.08; Phase 3: 1477.56; Phase 4: 1513.84; Phase 5: 1449.24
ISPY2_454808,0,5,44,1922.39453125,107.41197111387145,219.96180796527074,global,Phase 0: 912.18; Phase 1: 1488.37; Phase 2: 1705.99; Phase 3: 1776.66; Phase 4: 1839.10; Phase 5: 1922.39
ISPY2_455828,0,5,41,623.4833984375,107.41197111387145,219.96180796527074,global,Phase 0: 216.80; Phase 1: 532.41; Phase 2: 603.34; Phase 3: 618.61; Phase 4: 623.35; Phase 5: 623.48
ISPY2_456432,0,5,74,1204.67919921875,107.41197111387145,219.96180796527074,global,Phase 0: 507.62; Phase 1: 992.12; Phase 2: 1179.92; Phase 3: 1178.57; Phase 4: 1186.47; Phase 5: 1204.68
ISPY2_456506,0,2,50,3716.16796875,107.41197111387145,219.96180796527074,global,Phase 0: 1191.98; Phase 1: 3242.58; Phase 2: 3716.17; Phase 3: 3654.54; Phase 4: 3543.91; Phase 5: 3457.94
ISPY2_458196,0,3,79,3652.47802734375,107.41197111387145,219.96180796527074,global,Phase 0: 1552.46; Phase 1: 2736.51; Phase 2: 3513.75; Phase 3: 3652.48; Phase 4: 3642.99; Phase 5: 3612.83
ISPY2_459311,0,2,27,873.4814453125,107.41197111387145,219.96180796527074,global,Phase 0: 400.37; Phase 1: 784.73; Phase 2: 873.48; Phase 3: 861.29; Phase 4: 859.38; Phase 5: 843.10
ISPY2_460642,0,4,92,3142.05810546875,107.41197111387145,219.96180796527074,global,Phase 0: 1058.64; Phase 1: 2547.69; Phase 2: 3058.63; Phase 3: 3131.39; Phase 4: 3142.06; Phase 5: 3120.15
ISPY2_460776,0,3,25,313.9388122558594,107.41197111387145,219.96180796527074,global,Phase 0: 160.86; Phase 1: 276.61; Phase 2: 308.13; Phase 3: 313.94; Phase 4: 313.74; Phase 5: 313.38
ISPY2_460812,0,5,32,396.0551452636719,107.41197111387145,219.96180796527074,global,Phase 0: 155.57; Phase 1: 336.74; Phase 2: 368.14; Phase 3: 384.22; Phase 4: 392.92; Phase 5: 396.06
ISPY2_461824,0,4,34,1598.549072265625,107.41197111387145,219.96180796527074,global,Phase 0: 597.12; Phase 1: 1246.69; Phase 2: 1570.18; Phase 3: 1580.31; Phase 4: 1598.55; Phase 5: 1595.76
ISPY2_462581,0,3,34,279.7864685058594,107.41197111387145,219.96180796527074,global,Phase 0: 103.10; Phase 1: 200.51; Phase 2: 271.78; Phase 3: 279.79; Phase 4: 271.54; Phase 5: 266.47
ISPY2_462582,0,5,28,687.644775390625,107.41197111387145,219.96180796527074,global,Phase 0: 397.82; Phase 1: 524.64; Phase 2: 613.74; Phase 3: 658.84; Phase 4: 683.86; Phase 5: 687.64
ISPY2_462605,0,2,42,400.7305603027344,107.41197111387145,219.96180796527074,global,Phase 0: 145.23; Phase 1: 356.85; Phase 2: 400.73; Phase 3: 385.23; Phase 4: 370.49; Phase 5: 359.62
ISPY2_464547,0,5,44,266.8699951171875,107.41197111387145,219.96180796527074,global,Phase 0: 118.88; Phase 1: 194.94; Phase 2: 256.80; Phase 3: 262.63; Phase 4: 263.28; Phase 5: 266.87
ISPY2_465008,0,5,36,922.3603515625,107.41197111387145,219.96180796527074,global,Phase 0: 528.03; Phase 1: 761.16; Phase 2: 889.09; Phase 3: 910.17; Phase 4: 913.37; Phase 5: 922.36
ISPY2_466267,0,3,26,1037.4249267578125,107.41197111387145,219.96180796527074,global,Phase 0: 355.16; Phase 1: 772.05; Phase 2: 1037.26; Phase 3: 1037.42; Phase 4: 1023.70; Phase 5: 1013.17
ISPY2_467622,0,5,29,1738.88330078125,107.41197111387145,219.96180796527074,global,Phase 0: 760.06; Phase 1: 1332.52; Phase 2: 1578.28; Phase 3: 1611.79; Phase 4: 1701.64; Phase 5: 1738.88
ISPY2_467686,0,4,62,711.0619506835938,107.41197111387145,219.96180796527074,global,Phase 0: 329.98; Phase 1: 567.76; Phase 2: 668.58; Phase 3: 653.64; Phase 4: 711.06; Phase 5: 704.36
ISPY2_472799,0,2,72,1636.3421630859375,107.41197111387145,219.96180796527074,global,Phase 0: 639.80; Phase 1: 1477.65; Phase 2: 1636.34; Phase 3: 1627.02; Phase 4: 1596.19; Phase 5: 1595.99
ISPY2_473365,0,5,14,1042.0614013671875,107.41197111387145,219.96180796527074,global,Phase 0: 735.25; Phase 1: 896.36; Phase 2: 980.64; Phase 3: 999.07; Phase 4: 1035.37; Phase 5: 1042.06
ISPY2_473468,0,2,53,1583.833984375,107.41197111387145,219.96180796527074,global,Phase 0: 565.68; Phase 1: 1427.63; Phase 2: 1583.83; Phase 3: 1569.39; Phase 4: 1563.68; Phase 5: 1535.83
ISPY2_473505,0,3,76,723.06103515625,107.41197111387145,219.96180796527074,global,Phase 0: 308.85; Phase 1: 634.37; Phase 2: 717.20; Phase 3: 723.06; Phase 4: 710.07; Phase 5: 709.04
ISPY2_474874,0,2,54,3953.860107421875,107.41197111387145,219.96180796527074,global,Phase 0: 1273.99; Phase 1: 3393.97; Phase 2: 3953.86; Phase 3: 3930.12; Phase 4: 3814.43; Phase 5: 3677.83
ISPY2_477816,0,2,74,663.2136840820312,107.41197111387145,219.96180796527074,global,Phase 0: 244.86; Phase 1: 618.48; Phase 2: 663.21; Phase 3: 647.76; Phase 4: 635.53; Phase 5: 614.53
ISPY2_477994,0,2,36,1863.3997802734375,107.41197111387145,219.96180796527074,global,Phase 0: 982.90; Phase 1: 1748.01; Phase 2: 1863.40; Phase 3: 1851.85; Phase 4: 1831.38; Phase 5: 1819.18
ISPY2_478055,0,4,19,617.43359375,107.41197111387145,219.96180796527074,global,Phase 0: 243.09; Phase 1: 547.01; Phase 2: 582.82; Phase 3: 609.96; Phase 4: 617.43; Phase 5: 613.03
ISPY2_478484,0,2,27,743.2431030273438,107.41197111387145,219.96180796527074,global,Phase 0: 363.30; Phase 1: 595.99; Phase 2: 743.24; Phase 3: 739.43; Phase 4: 732.14; Phase 5: 727.05
ISPY2_478655,0,5,48,3272.839111328125,107.41197111387145,219.96180796527074,global,Phase 0: 1456.35; Phase 1: 2824.24; Phase 2: 3157.24; Phase 3: 3249.01; Phase 4: 3260.89; Phase 5: 3272.84
ISPY2_479417,0,2,50,1500.9970703125,107.41197111387145,219.96180796527074,global,Phase 0: 530.85; Phase 1: 1350.85; Phase 2: 1501.00; Phase 3: 1427.08; Phase 4: 1416.88; Phase 5: 1399.36
ISPY2_483667,0,2,70,1161.4495849609375,107.41197111387145,219.96180796527074,global,Phase 0: 610.36; Phase 1: 638.74; Phase 2: 1161.45; Phase 3: 1140.96; Phase 4: 1107.50; Phase 5: 1049.52
ISPY2_483910,0,2,94,1112.5689697265625,107.41197111387145,219.96180796527074,global,Phase 0: 433.14; Phase 1: 1034.65; Phase 2: 1112.57; Phase 3: 1098.90; Phase 4: 1082.14; Phase 5: 1064.83
ISPY2_484867,0,4,36,457.24945068359375,107.41197111387145,219.96180796527074,global,Phase 0: 198.33; Phase 1: 333.40; Phase 2: 444.43; Phase 3: 456.06; Phase 4: 457.25; Phase 5: 455.37
ISPY2_484894,0,4,28,968.26025390625,107.41197111387145,219.96180796527074,global,Phase 0: 441.83; Phase 1: 914.84; Phase 2: 948.78; Phase 3: 952.96; Phase 4: 968.26; Phase 5: 957.38
ISPY2_485637,0,1,152,1431.816162109375,107.41197111387145,219.96180796527074,global,Phase 0: 488.77; Phase 1: 1431.82; Phase 2: 1372.92; Phase 3: 1284.76; Phase 4: 1246.65; Phase 5: 1208.33
ISPY2_489194,0,3,47,926.12109375,107.41197111387145,219.96180796527074,global,Phase 0: 468.37; Phase 1: 854.46; Phase 2: 917.83; Phase 3: 926.12; Phase 4: 904.65; Phase 5: 899.46
ISPY2_489504,0,3,60,394.22900390625,107.41197111387145,219.96180796527074,global,Phase 0: 187.55; Phase 1: 350.56; Phase 2: 387.20; Phase 3: 394.23; Phase 4: 392.79; Phase 5: 385.60
ISPY2_489973,0,4,48,709.4127807617188,107.41197111387145,219.96180796527074,global,Phase 0: 251.65; Phase 1: 615.34; Phase 2: 705.11; Phase 3: 708.56; Phase 4: 709.41; Phase 5: 708.29
ISPY2_490023,0,2,50,397.7453918457031,107.41197111387145,219.96180796527074,global,Phase 0: 153.91; Phase 1: 328.66; Phase 2: 397.75; Phase 3: 397.31; Phase 4: 383.83; Phase 5: 377.09
ISPY2_490805,0,3,43,1357.7459716796875,107.41197111387145,219.96180796527074,global,Phase 0: 696.92; Phase 1: 1012.60; Phase 2: 1182.60; Phase 3: 1357.75; Phase 4: 1292.43; Phase 5: 1269.03
ISPY2_491526,0,5,47,1002.4524536132812,107.41197111387145,219.96180796527074,global,Phase 0: 406.89; Phase 1: 635.86; Phase 2: 870.28; Phase 3: 907.89; Phase 4: 957.82; Phase 5: 1002.45
ISPY2_491779,0,3,39,1123.4637451171875,107.41197111387145,219.96180796527074,global,Phase 0: 373.23; Phase 1: 915.90; Phase 2: 1109.88; Phase 3: 1123.46; Phase 4: 1114.40; Phase 5: 1113.14
ISPY2_492612,0,4,46,191.32110595703125,107.41197111387145,219.96180796527074,global,Phase 0: 90.88; Phase 1: 167.43; Phase 2: 187.72; Phase 3: 190.75; Phase 4: 191.32; Phase 5: 189.59
ISPY2_493472,0,3,37,452.7180480957031,107.41197111387145,219.96180796527074,global,Phase 0: 166.60; Phase 1: 303.01; Phase 2: 426.83; Phase 3: 452.72; Phase 4: 439.56; Phase 5: 438.17
ISPY2_493519,0,3,82,1057.6007080078125,107.41197111387145,219.96180796527074,global,Phase 0: 317.50; Phase 1: 889.91; Phase 2: 1048.85; Phase 3: 1057.60; Phase 4: 1040.17; Phase 5: 1030.92
ISPY2_493775,0,3,34,206.8191375732422,107.41197111387145,219.96180796527074,global,Phase 0: 86.37; Phase 1: 152.57; Phase 2: 204.78; Phase 3: 206.82; Phase 4: 204.27; Phase 5: 199.98
ISPY2_494022,0,2,22,462.2226867675781,107.41197111387145,219.96180796527074,global,Phase 0: 98.32; Phase 1: 405.87; Phase 2: 462.22; Phase 3: 435.42; Phase 4: 407.39; Phase 5: 385.03
ISPY2_494296,0,5,54,232.00709533691406,107.41197111387145,219.96180796527074,global,Phase 0: 120.67; Phase 1: 195.10; Phase 2: 224.01; Phase 3: 229.13; Phase 4: 230.32; Phase 5: 232.01
ISPY2_494946,0,2,63,298.51458740234375,107.41197111387145,219.96180796527074,global,Phase 0: 80.74; Phase 1: 230.67; Phase 2: 298.51; Phase 3: 294.03; Phase 4: 274.84; Phase 5: 260.10
ISPY2_495440,0,5,40,453.2003479003906,107.41197111387145,219.96180796527074,global,Phase 0: 167.79; Phase 1: 286.01; Phase 2: 398.16; Phase 3: 431.64; Phase 4: 447.28; Phase 5: 453.20
ISPY2_496205,0,2,30,2365.870361328125,107.41197111387145,219.96180796527074,global,Phase 0: 818.89; Phase 1: 2260.57; Phase 2: 2365.87; Phase 3: 2348.36; Phase 4: 2321.68; Phase 5: 2300.71
ISPY2_497010,0,5,48,255.07286071777344,107.41197111387145,219.96180796527074,global,Phase 0: 80.32; Phase 1: 186.67; Phase 2: 250.37; Phase 3: 254.07; Phase 4: 254.91; Phase 5: 255.07
ISPY2_498024,0,4,49,169.75369262695312,107.41197111387145,219.96180796527074,global,Phase 0: 92.83; Phase 1: 136.05; Phase 2: 158.58; Phase 3: 164.02; Phase 4: 169.75; Phase 5: 167.69
ISPY2_498985,0,5,27,285.9776306152344,107.41197111387145,219.96180796527074,global,Phase 0: 124.32; Phase 1: 216.82; Phase 2: 268.32; Phase 3: 276.52; Phase 4: 283.47; Phase 5: 285.98
ISPY2_500826,0,2,23,1048.4498291015625,107.41197111387145,219.96180796527074,global,Phase 0: 461.05; Phase 1: 969.20; Phase 2: 1048.45; Phase 3: 999.38; Phase 4: 965.19; Phase 5: 959.30
ISPY2_501303,0,3,78,2490.102294921875,107.41197111387145,219.96180796527074,global,Phase 0: 808.62; Phase 1: 2284.57; Phase 2: 2439.94; Phase 3: 2490.10; Phase 4: 2423.24; Phase 5: 2294.83
ISPY2_502486,0,5,52,1165.58203125,107.41197111387145,219.96180796527074,global,Phase 0: 628.70; Phase 1: 941.85; Phase 2: 1077.62; Phase 3: 1126.05; Phase 4: 1149.88; Phase 5: 1165.58
ISPY2_503034,0,4,47,400.4383544921875,107.41197111387145,219.96180796527074,global,Phase 0: 139.58; Phase 1: 249.28; Phase 2: 375.30; Phase 3: 398.88; Phase 4: 400.44; Phase 5: 397.69
ISPY2_504838,0,2,58,1062.4613037109375,107.41197111387145,219.96180796527074,global,Phase 0: 248.40; Phase 1: 817.24; Phase 2: 1062.46; Phase 3: 1034.16; Phase 4: 1041.47; Phase 5: 1000.90
ISPY2_506623,0,5,15,4616.75537109375,107.41197111387145,219.96180796527074,global,Phase 0: 1999.53; Phase 1: 3774.57; Phase 2: 4359.37; Phase 3: 4499.68; Phase 4: 4590.63; Phase 5: 4616.76
ISPY2_507198,0,3,73,443.10467529296875,107.41197111387145,219.96180796527074,global,Phase 0: 199.07; Phase 1: 388.33; Phase 2: 441.72; Phase 3: 443.10; Phase 4: 440.09; Phase 5: 437.42
ISPY2_507249,0,2,61,1074.9886474609375,107.41197111387145,219.96180796527074,global,Phase 0: 393.05; Phase 1: 905.46; Phase 2: 1074.99; Phase 3: 1071.49; Phase 4: 1054.73; Phase 5: 1026.40
ISPY2_509012,0,2,27,256.36541748046875,107.41197111387145,219.96180796527074,global,Phase 0: 123.33; Phase 1: 217.14; Phase 2: 256.37; Phase 3: 251.19; Phase 4: 247.13; Phase 5: 248.18
ISPY2_510543,0,5,19,3766.73486328125,107.41197111387145,219.96180796527074,global,Phase 0: 1915.91; Phase 1: 2973.99; Phase 2: 3532.57; Phase 3: 3605.16; Phase 4: 3729.15; Phase 5: 3766.73
ISPY2_511851,0,2,28,1892.20849609375,107.41197111387145,219.96180796527074,global,Phase 0: 813.81; Phase 1: 1768.76; Phase 2: 1892.21; Phase 3: 1870.24; Phase 4: 1785.74; Phase 5: 1760.57
ISPY2_515105,0,5,66,1793.354736328125,107.41197111387145,219.96180796527074,global,Phase 0: 992.84; Phase 1: 1314.37; Phase 2: 1566.23; Phase 3: 1664.88; Phase 4: 1756.05; Phase 5: 1793.35
ISPY2_515141,0,5,41,200.45840454101562,107.41197111387145,219.96180796527074,global,Phase 0: 103.43; Phase 1: 129.54; Phase 2: 170.97; Phase 3: 187.64; Phase 4: 195.84; Phase 5: 200.46
ISPY2_515281,0,4,28,1629.7237548828125,107.41197111387145,219.96180796527074,global,Phase 0: 574.79; Phase 1: 1289.45; Phase 2: 1478.04; Phase 3: 1559.47; Phase 4: 1629.72; Phase 5: 1574.21
ISPY2_515284,0,3,56,370.5078430175781,107.41197111387145,219.96180796527074,global,Phase 0: 132.29; Phase 1: 319.72; Phase 2: 368.81; Phase 3: 370.51; Phase 4: 362.73; Phase 5: 361.32
ISPY2_515565,0,2,68,324.60614013671875,107.41197111387145,219.96180796527074,global,Phase 0: 151.21; Phase 1: 268.31; Phase 2: 324.61; Phase 3: 323.44; Phase 4: 313.99; Phase 5: 310.31
ISPY2_516763,0,4,37,2577.644775390625,107.41197111387145,219.96180796527074,global,Phase 0: 968.59; Phase 1: 2161.74; Phase 2: 2536.86; Phase 3: 2573.98; Phase 4: 2577.64; Phase 5: 2572.05
ISPY2_516834,0,5,48,936.7997436523438,107.41197111387145,219.96180796527074,global,Phase 0: 443.64; Phase 1: 728.98; Phase 2: 846.85; Phase 3: 897.70; Phase 4: 921.37; Phase 5: 936.80
ISPY2_517446,0,5,34,1591.223388671875,107.41197111387145,219.96180796527074,global,Phase 0: 653.72; Phase 1: 1391.92; Phase 2: 1508.92; Phase 3: 1571.78; Phase 4: 1581.32; Phase 5: 1591.22
ISPY2_517870,0,4,38,1211.263427734375,107.41197111387145,219.96180796527074,global,Phase 0: 631.18; Phase 1: 906.37; Phase 2: 1135.18; Phase 3: 1185.00; Phase 4: 1211.26; Phase 5: 1180.89
ISPY2_518000,0,2,29,101.30215454101562,107.41197111387145,219.96180796527074,global,Phase 0: 53.34; Phase 1: 94.66; Phase 2: 101.30; Phase 3: 98.15; Phase 4: 99.69; Phase 5: 98.98
ISPY2_518576,0,5,58,1145.641357421875,107.41197111387145,219.96180796527074,global,Phase 0: 391.96; Phase 1: 890.39; Phase 2: 1088.38; Phase 3: 1112.60; Phase 4: 1138.29; Phase 5: 1145.64
ISPY2_519738,0,2,50,983.3562622070312,107.41197111387145,219.96180796527074,global,Phase 0: 448.50; Phase 1: 879.09; Phase 2: 983.36; Phase 3: 971.11; Phase 4: 965.41; Phase 5: 944.45
ISPY2_520258,0,2,29,277.080322265625,107.41197111387145,219.96180796527074,global,Phase 0: 108.57; Phase 1: 240.58; Phase 2: 277.08; Phase 3: 270.23; Phase 4: 261.90; Phase 5: 255.03
ISPY2_520471,0,2,79,535.6685791015625,107.41197111387145,219.96180796527074,global,Phase 0: 230.74; Phase 1: 427.54; Phase 2: 535.67; Phase 3: 535.11; Phase 4: 526.65; Phase 5: 519.29
ISPY2_520986,0,2,66,3053.326171875,107.41197111387145,219.96180796527074,global,Phase 0: 1219.48; Phase 1: 2801.33; Phase 2: 3053.33; Phase 3: 3049.72; Phase 4: 2995.13; Phase 5: 2949.35
ISPY2_521860,0,2,72,1225.6026611328125,107.41197111387145,219.96180796527074,global,Phase 0: 559.96; Phase 1: 1069.28; Phase 2: 1225.60; Phase 3: 1199.04; Phase 4: 1170.09; Phase 5: 1140.17
ISPY2_522140,0,3,34,959.3933715820312,107.41197111387145,219.96180796527074,global,Phase 0: 524.04; Phase 1: 865.06; Phase 2: 930.47; Phase 3: 959.39; Phase 4: 925.98; Phase 5: 958.25
ISPY2_524170,0,4,13,997.6995239257812,107.41197111387145,219.96180796527074,global,Phase 0: 523.16; Phase 1: 790.41; Phase 2: 950.89; Phase 3: 987.90; Phase 4: 997.70; Phase 5: 996.51
ISPY2_527320,0,5,62,2304.21044921875,107.41197111387145,219.96180796527074,global,Phase 0: 980.79; Phase 1: 1919.09; Phase 2: 2202.86; Phase 3: 2274.49; Phase 4: 2293.97; Phase 5: 2304.21
ISPY2_527581,0,2,68,456.3523864746094,107.41197111387145,219.96180796527074,global,Phase 0: 200.27; Phase 1: 416.27; Phase 2: 456.35; Phase 3: 441.56; Phase 4: 427.64; Phase 5: 414.97
ISPY2_528479,0,5,32,230.83761596679688,107.41197111387145,219.96180796527074,global,Phase 0: 96.48; Phase 1: 182.33; Phase 2: 220.56; Phase 3: 227.28; Phase 4: 230.63; Phase 5: 230.84
ISPY2_528833,0,1,25,2103.26513671875,107.41197111387145,219.96180796527074,global,Phase 0: 878.26; Phase 1: 2103.27; Phase 2: 2092.70; Phase 3: 2062.72; Phase 4: 2032.22; Phase 5: 1951.97
ISPY2_530095,0,3,45,404.08172607421875,107.41197111387145,219.96180796527074,global,Phase 0: 140.34; Phase 1: 297.95; Phase 2: 392.40; Phase 3: 404.08; Phase 4: 402.09; Phase 5: 395.45
ISPY2_531672,0,2,90,538.230712890625,107.41197111387145,219.96180796527074,global,Phase 0: 270.54; Phase 1: 482.75; Phase 2: 538.23; Phase 3: 529.98; Phase 4: 514.30; Phase 5: 503.39
ISPY2_531988,0,5,24,1003.8624267578125,107.41197111387145,219.96180796527074,global,Phase 0: 654.98; Phase 1: 892.25; Phase 2: 991.95; Phase 3: 997.65; Phase 4: 984.08; Phase 5: 1003.86
ISPY2_532183,0,5,92,2725.0078125,107.41197111387145,219.96180796527074,global,Phase 0: 1332.53; Phase 1: 2308.49; Phase 2: 2605.92; Phase 3: 2685.07; Phase 4: 2691.90; Phase 5: 2725.01
ISPY2_535415,0,4,34,2050.688720703125,107.41197111387145,219.96180796527074,global,Phase 0: 1064.52; Phase 1: 1757.26; Phase 2: 1999.66; Phase 3: 2025.00; Phase 4: 2050.69; Phase 5: 1996.98
ISPY2_535569,0,2,40,1642.5762939453125,107.41197111387145,219.96180796527074,global,Phase 0: 668.39; Phase 1: 1562.84; Phase 2: 1642.58; Phase 3: 1624.00; Phase 4: 1586.00; Phase 5: 1521.76
ISPY2_535779,0,4,46,1266.7138671875,107.41197111387145,219.96180796527074,global,Phase 0: 486.84; Phase 1: 905.45; Phase 2: 1206.34; Phase 3: 1209.76; Phase 4: 1266.71; Phase 5: 1228.30
ISPY2_536253,0,1,47,2286.31884765625,107.41197111387145,219.96180796527074,global,Phase 0: 946.66; Phase 1: 2286.32; Phase 2: 2279.18; Phase 3: 2098.28; Phase 4: 2065.70; Phase 5: 1851.09
ISPY2_539291,0,2,38,1916.184814453125,107.41197111387145,219.96180796527074,global,Phase 0: 761.56; Phase 1: 1832.43; Phase 2: 1916.18; Phase 3: 1811.11; Phase 4: 1758.72; Phase 5: 1708.99
ISPY2_539876,0,3,47,1421.0992431640625,107.41197111387145,219.96180796527074,global,Phase 0: 574.55; Phase 1: 1262.63; Phase 2: 1419.30; Phase 3: 1421.10; Phase 4: 1421.08; Phase 5: 1391.07
ISPY2_539904,0,4,49,1578.647216796875,107.41197111387145,219.96180796527074,global,Phase 0: 655.66; Phase 1: 1259.03; Phase 2: 1486.57; Phase 3: 1555.27; Phase 4: 1578.65; Phase 5: 1565.58
ISPY2_540539,0,2,109,2549.17919921875,107.41197111387145,219.96180796527074,global,Phase 0: 916.07; Phase 1: 2382.31; Phase 2: 2549.18; Phase 3: 2503.46; Phase 4: 2361.36; Phase 5: 2374.58
ISPY2_541165,0,2,28,3130.580322265625,107.41197111387145,219.96180796527074,global,Phase 0: 1183.94; Phase 1: 2946.24; Phase 2: 3130.58; Phase 3: 3059.59; Phase 4: 2965.70; Phase 5: 2895.33
ISPY2_542392,0,3,116,992.5399169921875,107.41197111387145,219.96180796527074,global,Phase 0: 330.74; Phase 1: 768.32; Phase 2: 990.72; Phase 3: 992.54; Phase 4: 976.29; Phase 5: 955.32
ISPY2_543795,0,2,65,961.2283325195312,107.41197111387145,219.96180796527074,global,Phase 0: 277.13; Phase 1: 804.84; Phase 2: 961.23; Phase 3: 932.51; Phase 4: 892.09; Phase 5: 862.50
ISPY2_547892,0,3,36,1615.5487060546875,107.41197111387145,219.96180796527074,global,Phase 0: 895.23; Phase 1: 1528.73; Phase 2: 1595.87; Phase 3: 1615.55; Phase 4: 1529.37; Phase 5: 1554.95
ISPY2_549172,0,3,44,275.83758544921875,107.41197111387145,219.96180796527074,global,Phase 0: 111.12; Phase 1: 219.82; Phase 2: 274.82; Phase 3: 275.84; Phase 4: 271.70; Phase 5: 274.18
ISPY2_550157,0,2,42,1773.8585205078125,107.41197111387145,219.96180796527074,global,Phase 0: 699.32; Phase 1: 1671.01; Phase 2: 1773.86; Phase 3: 1758.00; Phase 4: 1733.93; Phase 5: 1692.80
ISPY2_550421,0,5,67,1322.5391845703125,107.41197111387145,219.96180796527074,global,Phase 0: 769.64; Phase 1: 974.13; Phase 2: 1187.29; Phase 3: 1249.09; Phase 4: 1295.68; Phase 5: 1322.54
ISPY2_551795,0,3,60,388.13330078125,107.41197111387145,219.96180796527074,global,Phase 0: 113.82; Phase 1: 291.55; Phase 2: 387.91; Phase 3: 388.13; Phase 4: 376.89; Phase 5: 370.95
ISPY2_552313,0,5,84,371.06927490234375,107.41197111387145,219.96180796527074,global,Phase 0: 167.68; Phase 1: 241.30; Phase 2: 353.95; Phase 3: 366.82; Phase 4: 369.70; Phase 5: 371.07
ISPY2_552549,0,3,41,2011.1905517578125,107.41197111387145,219.96180796527074,global,Phase 0: 892.29; Phase 1: 1832.81; Phase 2: 1912.65; Phase 3: 2011.19; Phase 4: 1963.63; Phase 5: 1884.33
ISPY2_553012,0,5,32,752.2916259765625,107.41197111387145,219.96180796527074,global,Phase 0: 474.46; Phase 1: 558.15; Phase 2: 682.71; Phase 3: 715.22; Phase 4: 720.39; Phase 5: 752.29
ISPY2_553141,0,4,18,1066.836181640625,107.41197111387145,219.96180796527074,global,Phase 0: 580.29; Phase 1: 953.00; Phase 2: 1041.52; Phase 3: 1065.54; Phase 4: 1066.84; Phase 5: 1062.58
ISPY2_554577,0,3,39,1554.4984130859375,107.41197111387145,219.96180796527074,global,Phase 0: 612.17; Phase 1: 1305.69; Phase 2: 1496.95; Phase 3: 1554.50; Phase 4: 1529.69; Phase 5: 1545.78
ISPY2_555214,0,3,28,1015.2333984375,107.41197111387145,219.96180796527074,global,Phase 0: 394.55; Phase 1: 798.59; Phase 2: 1009.54; Phase 3: 1015.23; Phase 4: 991.46; Phase 5: 993.87
ISPY2_559021,0,4,79,3065.40966796875,107.41197111387145,219.96180796527074,global,Phase 0: 734.72; Phase 1: 1961.94; Phase 2: 2710.06; Phase 3: 2954.24; Phase 4: 3065.41; Phase 5: 3064.43
ISPY2_559263,0,4,54,349.7050476074219,107.41197111387145,219.96180796527074,global,Phase 0: 115.81; Phase 1: 240.76; Phase 2: 320.73; Phase 3: 346.80; Phase 4: 349.71; Phase 5: 346.16
ISPY2_563681,0,5,47,2290.286865234375,107.41197111387145,219.96180796527074,global,Phase 0: 1194.93; Phase 1: 1926.03; Phase 2: 2229.74; Phase 3: 2270.79; Phase 4: 2238.94; Phase 5: 2290.29
ISPY2_563856,0,2,34,2152.019287109375,107.41197111387145,219.96180796527074,global,Phase 0: 778.09; Phase 1: 1951.77; Phase 2: 2152.02; Phase 3: 2127.20; Phase 4: 2082.68; Phase 5: 2026.66
ISPY2_564234,0,3,71,2580.55859375,107.41197111387145,219.96180796527074,global,Phase 0: 1128.68; Phase 1: 2522.22; Phase 2: 2545.18; Phase 3: 2580.56; Phase 4: 2518.10; Phase 5: 2440.66
ISPY2_564701,0,3,88,398.4269104003906,107.41197111387145,219.96180796527074,global,Phase 0: 152.39; Phase 1: 306.81; Phase 2: 390.46; Phase 3: 398.43; Phase 4: 397.54; Phase 5: 392.10
ISPY2_566011,0,3,48,346.51617431640625,107.41197111387145,219.96180796527074,global,Phase 0: 150.54; Phase 1: 289.61; Phase 2: 346.13; Phase 3: 346.52; Phase 4: 339.51; Phase 5: 334.55
ISPY2_567201,0,4,44,969.7882080078125,107.41197111387145,219.96180796527074,global,Phase 0: 534.90; Phase 1: 876.65; Phase 2: 934.08; Phase 3: 940.43; Phase 4: 969.79; Phase 5: 949.37
ISPY2_567907,0,2,57,1791.7874755859375,107.41197111387145,219.96180796527074,global,Phase 0: 830.08; Phase 1: 1622.25; Phase 2: 1791.79; Phase 3: 1782.46; Phase 4: 1734.73; Phase 5: 1590.33
ISPY2_568331,0,2,70,2587.8154296875,107.41197111387145,219.96180796527074,global,Phase 0: 1098.20; Phase 1: 2333.60; Phase 2: 2587.82; Phase 3: 2572.27; Phase 4: 2583.60; Phase 5: 2503.13
ISPY2_568953,0,5,46,1191.3399658203125,107.41197111387145,219.96180796527074,global,Phase 0: 413.28; Phase 1: 985.01; Phase 2: 1173.75; Phase 3: 1161.18; Phase 4: 1186.83; Phase 5: 1191.34
ISPY2_570148,0,2,33,622.01513671875,107.41197111387145,219.96180796527074,global,Phase 0: 278.19; Phase 1: 621.85; Phase 2: 622.02; Phase 3: 609.83; Phase 4: 591.39; Phase 5: 583.46
ISPY2_570380,0,5,83,2251.974609375,107.41197111387145,219.96180796527074,global,Phase 0: 951.86; Phase 1: 2024.63; Phase 2: 2224.60; Phase 3: 2224.06; Phase 4: 2224.15; Phase 5: 2251.97
ISPY2_570685,0,5,33,719.9328002929688,107.41197111387145,219.96180796527074,global,Phase 0: 398.51; Phase 1: 568.99; Phase 2: 655.02; Phase 3: 690.03; Phase 4: 703.33; Phase 5: 719.93
ISPY2_570966,0,4,93,2696.499755859375,107.41197111387145,219.96180796527074,global,Phase 0: 1359.48; Phase 1: 2501.01; Phase 2: 2628.22; Phase 3: 2689.78; Phase 4: 2696.50; Phase 5: 2613.72
ISPY2_571276,0,2,40,879.826171875,107.41197111387145,219.96180796527074,global,Phase 0: 405.02; Phase 1: 833.04; Phase 2: 879.83; Phase 3: 870.07; Phase 4: 865.37; Phase 5: 845.44
ISPY2_571995,0,2,41,1030.4168701171875,107.41197111387145,219.96180796527074,global,Phase 0: 442.52; Phase 1: 992.31; Phase 2: 1030.42; Phase 3: 981.85; Phase 4: 969.06; Phase 5: 959.48
ISPY2_572016,0,5,62,610.7877807617188,107.41197111387145,219.96180796527074,global,Phase 0: 227.33; Phase 1: 505.88; Phase 2: 602.85; Phase 3: 606.89; Phase 4: 607.36; Phase 5: 610.79
ISPY2_572235,0,4,39,341.14013671875,107.41197111387145,219.96180796527074,global,Phase 0: 164.97; Phase 1: 301.59; Phase 2: 336.44; Phase 3: 340.58; Phase 4: 341.14; Phase 5: 339.00
ISPY2_572444,0,2,55,330.0103759765625,107.41197111387145,219.96180796527074,global,Phase 0: 121.30; Phase 1: 274.85; Phase 2: 330.01; Phase 3: 325.13; Phase 4: 310.86; Phase 5: 301.49
ISPY2_572731,0,2,56,452.2261962890625,107.41197111387145,219.96180796527074,global,Phase 0: 122.40; Phase 1: 370.67; Phase 2: 452.23; Phase 3: 445.25; Phase 4: 434.87; Phase 5: 427.25
ISPY2_572793,0,3,107,1683.03857421875,107.41197111387145,219.96180796527074,global,Phase 0: 800.49; Phase 1: 1046.78; Phase 2: 1680.38; Phase 3: 1683.04; Phase 4: 1644.82; Phase 5: 1634.88
ISPY2_573586,0,5,71,2397.077880859375,107.41197111387145,219.96180796527074,global,Phase 0: 974.40; Phase 1: 1836.78; Phase 2: 2241.52; Phase 3: 2343.50; Phase 4: 2385.08; Phase 5: 2397.08
ISPY2_573605,0,2,32,644.4404296875,107.41197111387145,219.96180796527074,global,Phase 0: 316.80; Phase 1: 594.20; Phase 2: 644.44; Phase 3: 644.12; Phase 4: 642.08; Phase 5: 634.03
ISPY2_573881,0,2,79,698.1098022460938,107.41197111387145,219.96180796527074,global,Phase 0: 253.86; Phase 1: 640.12; Phase 2: 698.11; Phase 3: 682.59; Phase 4: 660.79; Phase 5: 639.69
ISPY2_573919,0,4,57,1947.2420654296875,107.41197111387145,219.96180796527074,global,Phase 0: 765.72; Phase 1: 1644.99; Phase 2: 1907.39; Phase 3: 1940.23; Phase 4: 1947.24; Phase 5: 1917.82
ISPY2_574091,0,4,18,221.80255126953125,107.41197111387145,219.96180796527074,global,Phase 0: 99.25; Phase 1: 199.48; Phase 2: 221.36; Phase 3: 221.03; Phase 4: 221.80; Phase 5: 221.75
ISPY2_575372,0,2,60,630.7403564453125,107.41197111387145,219.96180796527074,global,Phase 0: 285.17; Phase 1: 562.93; Phase 2: 630.74; Phase 3: 622.75; Phase 4: 606.43; Phase 5: 593.17
ISPY2_575457,0,2,40,1017.05126953125,107.41197111387145,219.96180796527074,global,Phase 0: 388.44; Phase 1: 989.13; Phase 2: 1017.05; Phase 3: 1016.67; Phase 4: 999.47; Phase 5: 992.29
ISPY2_578975,0,3,37,1622.303466796875,107.41197111387145,219.96180796527074,global,Phase 0: 568.70; Phase 1: 1455.07; Phase 2: 1549.99; Phase 3: 1622.30; Phase 4: 1506.31; Phase 5: 1526.40
ISPY2_579881,0,5,23,1023.8984375,107.41197111387145,219.96180796527074,global,Phase 0: 592.43; Phase 1: 825.47; Phase 2: 947.96; Phase 3: 988.90; Phase 4: 1010.80; Phase 5: 1023.90
ISPY2_580541,0,4,35,1044.1046142578125,107.41197111387145,219.96180796527074,global,Phase 0: 544.28; Phase 1: 907.74; Phase 2: 1012.14; Phase 3: 1038.65; Phase 4: 1044.10; Phase 5: 1038.36
ISPY2_580632,0,3,42,569.8279418945312,107.41197111387145,219.96180796527074,global,Phase 0: 233.36; Phase 1: 447.83; Phase 2: 555.82; Phase 3: 569.83; Phase 4: 565.01; Phase 5: 561.85
ISPY2_581648,0,4,27,1934.697998046875,107.41197111387145,219.96180796527074,global,Phase 0: 783.95; Phase 1: 1525.55; Phase 2: 1857.84; Phase 3: 1922.91; Phase 4: 1934.70; Phase 5: 1897.77
ISPY2_584561,0,4,75,1525.8291015625,107.41197111387145,219.96180796527074,global,Phase 0: 656.38; Phase 1: 1362.06; Phase 2: 1476.08; Phase 3: 1499.75; Phase 4: 1525.83; Phase 5: 1496.20
ISPY2_586091,0,3,95,2038.13037109375,107.41197111387145,219.96180796527074,global,Phase 0: 833.25; Phase 1: 1696.46; Phase 2: 1949.33; Phase 3: 2038.13; Phase 4: 1989.49; Phase 5: 1996.07
ISPY2_586207,0,2,37,2229.297119140625,107.41197111387145,219.96180796527074,global,Phase 0: 1153.91; Phase 1: 2211.89; Phase 2: 2229.30; Phase 3: 2205.27; Phase 4: 2135.67; Phase 5: 2166.68
ISPY2_587388,0,2,70,543.250244140625,107.41197111387145,219.96180796527074,global,Phase 0: 211.61; Phase 1: 522.65; Phase 2: 543.25; Phase 3: 520.13; Phase 4: 513.06; Phase 5: 501.86
ISPY2_587604,0,2,71,1593.2891845703125,107.41197111387145,219.96180796527074,global,Phase 0: 735.57; Phase 1: 917.20; Phase 2: 1593.29; Phase 3: 1568.98; Phase 4: 1567.09; Phase 5: 1445.24
ISPY2_587691,0,2,70,1371.98583984375,107.41197111387145,219.96180796527074,global,Phase 0: 566.86; Phase 1: 1317.18; Phase 2: 1371.99; Phase 3: 1325.78; Phase 4: 1263.19; Phase 5: 1163.18
ISPY2_589502,0,2,28,544.466064453125,107.41197111387145,219.96180796527074,global,Phase 0: 207.95; Phase 1: 458.06; Phase 2: 544.47; Phase 3: 524.80; Phase 4: 515.40; Phase 5: 506.36
ISPY2_590220,0,4,28,413.8752136230469,107.41197111387145,219.96180796527074,global,Phase 0: 174.88; Phase 1: 297.17; Phase 2: 382.90; Phase 3: 409.53; Phase 4: 413.88; Phase 5: 403.05
ISPY2_590299,0,2,90,327.0178527832031,107.41197111387145,219.96180796527074,global,Phase 0: 149.08; Phase 1: 319.23; Phase 2: 327.02; Phase 3: 323.89; Phase 4: 321.69; Phase 5: 317.03
ISPY2_591079,0,2,30,4838.33984375,107.41197111387145,219.96180796527074,global,Phase 0: 1499.28; Phase 1: 4579.91; Phase 2: 4838.34; Phase 3: 4630.49; Phase 4: 4483.69; Phase 5: 4313.80
ISPY2_591180,0,3,42,2885.870361328125,107.41197111387145,219.96180796527074,global,Phase 0: 958.38; Phase 1: 2245.09; Phase 2: 2818.29; Phase 3: 2885.87; Phase 4: 2875.17; Phase 5: 2855.75
ISPY2_591810,0,3,64,1156.5845947265625,107.41197111387145,219.96180796527074,global,Phase 0: 513.92; Phase 1: 997.43; Phase 2: 1137.38; Phase 3: 1156.58; Phase 4: 1132.37; Phase 5: 1106.88
ISPY2_592535,0,2,49,409.5609436035156,107.41197111387145,219.96180796527074,global,Phase 0: 182.69; Phase 1: 385.86; Phase 2: 409.56; Phase 3: 407.02; Phase 4: 406.20; Phase 5: 399.31
ISPY2_596079,0,1,54,573.6282958984375,107.41197111387145,219.96180796527074,global,Phase 0: 246.48; Phase 1: 573.63; Phase 2: 571.12; Phase 3: 548.40; Phase 4: 535.50
ISPY2_596458,0,4,62,542.0242309570312,107.41197111387145,219.96180796527074,global,Phase 0: 219.73; Phase 1: 457.39; Phase 2: 534.68; Phase 3: 541.26; Phase 4: 542.02; Phase 5: 533.51
ISPY2_597253,0,5,72,428.20751953125,107.41197111387145,219.96180796527074,global,Phase 0: 226.01; Phase 1: 321.51; Phase 2: 367.83; Phase 3: 395.18; Phase 4: 413.29; Phase 5: 428.21
ISPY2_597873,0,5,36,1076.6756591796875,107.41197111387145,219.96180796527074,global,Phase 0: 399.46; Phase 1: 923.89; Phase 2: 1015.26; Phase 3: 1056.14; Phase 4: 1064.71; Phase 5: 1076.68
ISPY2_597907,0,5,21,1484.5865478515625,107.41197111387145,219.96180796527074,global,Phase 0: 777.16; Phase 1: 1265.61; Phase 2: 1404.83; Phase 3: 1444.46; Phase 4: 1468.36; Phase 5: 1484.59
ISPY2_598798,0,2,96,533.8230590820312,107.41197111387145,219.96180796527074,global,Phase 0: 236.95; Phase 1: 503.33; Phase 2: 533.82; Phase 3: 533.13; Phase 4: 528.56; Phase 5: 516.21
ISPY2_598835,0,2,83,452.3916320800781,107.41197111387145,219.96180796527074,global,Phase 0: 164.53; Phase 1: 355.36; Phase 2: 452.39; Phase 3: 450.05; Phase 4: 442.39; Phase 5: 434.57
ISPY2_600536,0,4,46,2641.30419921875,107.41197111387145,219.96180796527074,global,Phase 0: 880.18; Phase 1: 2347.19; Phase 2: 2615.53; Phase 3: 2580.57; Phase 4: 2641.30; Phase 5: 2616.32
ISPY2_601489,0,4,71,3814.193603515625,107.41197111387145,219.96180796527074,global,Phase 0: 1435.80; Phase 1: 3221.43; Phase 2: 3710.98; Phase 3: 3800.54; Phase 4: 3814.19; Phase 5: 3807.98
ISPY2_602451,0,2,93,343.1396789550781,107.41197111387145,219.96180796527074,global,Phase 0: 129.82; Phase 1: 330.04; Phase 2: 343.14; Phase 3: 328.68; Phase 4: 295.02; Phase 5: 287.00
ISPY2_602943,0,3,70,443.07373046875,107.41197111387145,219.96180796527074,global,Phase 0: 159.68; Phase 1: 417.36; Phase 2: 437.79; Phase 3: 443.07; Phase 4: 438.76; Phase 5: 436.27
ISPY2_604199,0,2,35,235.83753967285156,107.41197111387145,219.96180796527074,global,Phase 0: 99.17; Phase 1: 204.01; Phase 2: 235.84; Phase 3: 235.23; Phase 4: 231.44; Phase 5: 226.18
ISPY2_604326,0,3,24,1159.0064697265625,107.41197111387145,219.96180796527074,global,Phase 0: 555.84; Phase 1: 1063.74; Phase 2: 1157.60; Phase 3: 1159.01; Phase 4: 1120.80; Phase 5: 1081.23
ISPY2_604380,0,2,55,429.6423034667969,107.41197111387145,219.96180796527074,global,Phase 0: 131.98; Phase 1: 352.41; Phase 2: 429.64; Phase 3: 427.20; Phase 4: 408.08; Phase 5: 410.34
ISPY2_605713,0,2,54,1366.84765625,107.41197111387145,219.96180796527074,global,Phase 0: 559.64; Phase 1: 1319.05; Phase 2: 1366.85; Phase 3: 1344.64; Phase 4: 1332.16; Phase 5: 1297.14
ISPY2_607047,0,2,61,230.3728790283203,107.41197111387145,219.96180796527074,global,Phase 0: 91.55; Phase 1: 208.92; Phase 2: 230.37; Phase 3: 227.01; Phase 4: 221.46; Phase 5: 214.43
ISPY2_607843,0,2,16,856.635009765625,107.41197111387145,219.96180796527074,global,Phase 0: 427.29; Phase 1: 812.01; Phase 2: 856.64; Phase 3: 834.03; Phase 4: 813.89; Phase 5: 810.44
ISPY2_609151,0,5,41,672.6439819335938,107.41197111387145,219.96180796527074,global,Phase 0: 392.50; Phase 1: 502.74; Phase 2: 589.72; Phase 3: 631.18; Phase 4: 656.06; Phase 5: 672.64
ISPY2_609642,0,4,57,731.7976684570312,107.41197111387145,219.96180796527074,global,Phase 0: 401.01; Phase 1: 623.02; Phase 2: 727.19; Phase 3: 731.23; Phase 4: 731.80; Phase 5: 707.96
ISPY2_609897,0,2,44,571.3286743164062,107.41197111387145,219.96180796527074,global,Phase 0: 279.93; Phase 1: 503.41; Phase 2: 571.33; Phase 3: 567.50; Phase 4: 559.10; Phase 5: 548.78
ISPY2_611662,0,5,30,1380.6131591796875,107.41197111387145,219.96180796527074,global,Phase 0: 553.11; Phase 1: 1145.70; Phase 2: 1297.79; Phase 3: 1348.69; Phase 4: 1373.24; Phase 5: 1380.61
ISPY2_613188,0,3,22,726.5908813476562,107.41197111387145,219.96180796527074,global,Phase 0: 334.53; Phase 1: 629.88; Phase 2: 700.22; Phase 3: 726.59; Phase 4: 725.45; Phase 5: 693.44
ISPY2_613961,0,4,20,724.9605712890625,107.41197111387145,219.96180796527074,global,Phase 0: 459.34; Phase 1: 609.87; Phase 2: 684.53; Phase 3: 715.99; Phase 4: 724.96; Phase 5: 715.19
ISPY2_614044,0,4,43,418.7921447753906,107.41197111387145,219.96180796527074,global,Phase 0: 137.26; Phase 1: 267.00; Phase 2: 369.90; Phase 3: 407.30; Phase 4: 418.79; Phase 5: 415.37
ISPY2_614434,0,1,23,1656.7037353515625,107.41197111387145,219.96180796527074,global,Phase 0: 632.04; Phase 1: 1656.70; Phase 2: 1626.83; Phase 3: 1554.07; Phase 4: 1492.15; Phase 5: 1450.80
ISPY2_615873,0,5,84,2207.788330078125,107.41197111387145,219.96180796527074,global,Phase 0: 1126.96; Phase 1: 1898.08; Phase 2: 2128.23; Phase 3: 2153.11; Phase 4: 2172.30; Phase 5: 2207.79
ISPY2_616994,0,4,29,937.7789916992188,107.41197111387145,219.96180796527074,global,Phase 0: 524.62; Phase 1: 827.28; Phase 2: 889.50; Phase 3: 936.12; Phase 4: 937.78; Phase 5: 929.68
ISPY2_618240,0,3,47,239.3951416015625,107.41197111387145,219.96180796527074,global,Phase 0: 126.42; Phase 1: 208.86; Phase 2: 235.12; Phase 3: 239.40; Phase 4: 238.79; Phase 5: 238.71
ISPY2_618717,0,2,78,1852.8291015625,107.41197111387145,219.96180796527074,global,Phase 0: 595.80; Phase 1: 1709.12; Phase 2: 1852.83; Phase 3: 1696.70; Phase 4: 1732.28; Phase 5: 1716.08
ISPY2_618860,0,2,117,1866.8494873046875,107.41197111387145,219.96180796527074,global,Phase 0: 623.92; Phase 1: 1711.69; Phase 2: 1866.85; Phase 3: 1832.72; Phase 4: 1803.66; Phase 5: 1761.78
ISPY2_621179,0,2,56,426.4055480957031,107.41197111387145,219.96180796527074,global,Phase 0: 164.37; Phase 1: 374.18; Phase 2: 426.41; Phase 3: 418.84; Phase 4: 410.21; Phase 5: 398.63
ISPY2_622078,0,5,99,237.2798309326172,107.41197111387145,219.96180796527074,global,Phase 0: 127.41; Phase 1: 211.29; Phase 2: 230.17; Phase 3: 236.02; Phase 4: 236.23; Phase 5: 237.28
ISPY2_622315,0,5,42,1579.7728271484375,107.41197111387145,219.96180796527074,global,Phase 0: 646.68; Phase 1: 1324.44; Phase 2: 1535.71; Phase 3: 1563.08; Phase 4: 1572.45; Phase 5: 1579.77
ISPY2_622688,0,5,78,2595.457763671875,107.41197111387145,219.96180796527074,global,Phase 0: 1063.42; Phase 1: 2142.22; Phase 2: 2472.53; Phase 3: 2533.47; Phase 4: 2560.86; Phase 5: 2595.46
ISPY2_623086,0,5,44,1311.987060546875,107.41197111387145,219.96180796527074,global,Phase 0: 542.69; Phase 1: 1052.82; Phase 2: 1247.73; Phase 3: 1296.92; Phase 4: 1298.50; Phase 5: 1311.99
ISPY2_623569,0,2,29,352.3033752441406,107.41197111387145,219.96180796527074,global,Phase 0: 116.30; Phase 1: 308.64; Phase 2: 352.30; Phase 3: 324.12; Phase 4: 307.57; Phase 5: 308.80
ISPY2_624777,0,4,80,1654.4110107421875,107.41197111387145,219.96180796527074,global,Phase 0: 610.18; Phase 1: 820.88; Phase 2: 1512.14; Phase 3: 1625.59; Phase 4: 1654.41; Phase 5: 1648.56
ISPY2_625800,0,3,27,1742.06396484375,107.41197111387145,219.96180796527074,global,Phase 0: 567.82; Phase 1: 1263.18; Phase 2: 1735.43; Phase 3: 1742.06; Phase 4: 1705.77; Phase 5: 1674.13
ISPY2_625854,0,2,40,2644.4208984375,107.41197111387145,219.96180796527074,global,Phase 0: 1197.61; Phase 1: 2552.53; Phase 2: 2644.42; Phase 3: 2615.34; Phase 4: 2592.27; Phase 5: 2570.26
ISPY2_627118,0,5,44,589.1193237304688,107.41197111387145,219.96180796527074,global,Phase 0: 294.96; Phase 1: 446.74; Phase 2: 551.95; Phase 3: 576.86; Phase 4: 583.11; Phase 5: 589.12
ISPY2_627981,0,4,113,3587.12353515625,107.41197111387145,219.96180796527074,global,Phase 0: 1244.29; Phase 1: 2813.46; Phase 2: 3204.28; Phase 3: 3483.21; Phase 4: 3587.12; Phase 5: 3586.92
ISPY2_628692,0,2,57,440.6878967285156,107.41197111387145,219.96180796527074,global,Phase 0: 195.24; Phase 1: 403.25; Phase 2: 440.69; Phase 3: 434.02; Phase 4: 427.72; Phase 5: 421.57
ISPY2_628788,0,5,90,1548.5660400390625,107.41197111387145,219.96180796527074,global,Phase 0: 885.69; Phase 1: 903.66; Phase 2: 1524.77; Phase 3: 1543.13; Phase 4: 1545.78; Phase 5: 1548.57
ISPY2_628823,0,5,47,911.2982177734375,107.41197111387145,219.96180796527074,global,Phase 0: 511.23; Phase 1: 799.44; Phase 2: 885.30; Phase 3: 899.57; Phase 4: 908.16; Phase 5: 911.30
ISPY2_629210,0,2,17,486.8671875,107.41197111387145,219.96180796527074,global,Phase 0: 164.34; Phase 1: 392.83; Phase 2: 486.87; Phase 3: 483.80; Phase 4: 477.73; Phase 5: 473.34
ISPY2_629371,0,2,54,460.5929260253906,107.41197111387145,219.96180796527074,global,Phase 0: 141.88; Phase 1: 405.77; Phase 2: 460.59; Phase 3: 440.33; Phase 4: 428.02; Phase 5: 420.37
ISPY2_629606,0,4,86,467.3934020996094,107.41197111387145,219.96180796527074,global,Phase 0: 185.49; Phase 1: 359.95; Phase 2: 446.52; Phase 3: 464.38; Phase 4: 467.39; Phase 5: 466.56
ISPY2_630758,0,5,61,377.9132995605469,107.41197111387145,219.96180796527074,global,Phase 0: 159.28; Phase 1: 293.83; Phase 2: 362.74; Phase 3: 363.35; Phase 4: 374.73; Phase 5: 377.91
ISPY2_631299,0,5,49,901.5181274414062,107.41197111387145,219.96180796527074,global,Phase 0: 473.15; Phase 1: 790.22; Phase 2: 857.49; Phase 3: 898.65; Phase 4: 887.81; Phase 5: 901.52
ISPY2_631337,0,2,81,292.2003173828125,107.41197111387145,219.96180796527074,global,Phase 0: 104.96; Phase 1: 255.13; Phase 2: 292.20; Phase 3: 286.02; Phase 4: 276.78; Phase 5: 268.69
ISPY2_632408,0,5,59,1402.9063720703125,107.41197111387145,219.96180796527074,global,Phase 0: 612.18; Phase 1: 1075.41; Phase 2: 1292.53; Phase 3: 1317.83; Phase 4: 1327.57; Phase 5: 1402.91
ISPY2_635632,0,3,20,521.8645629882812,107.41197111387145,219.96180796527074,global,Phase 0: 234.28; Phase 1: 468.96; Phase 2: 517.69; Phase 3: 521.86; Phase 4: 517.73; Phase 5: 513.27
ISPY2_635862,0,5,45,750.6837158203125,107.41197111387145,219.96180796527074,global,Phase 0: 380.11; Phase 1: 607.49; Phase 2: 722.77; Phase 3: 740.64; Phase 4: 748.93; Phase 5: 750.68
ISPY2_636424,0,4,40,179.67391967773438,107.41197111387145,219.96180796527074,global,Phase 0: 75.78; Phase 1: 152.89; Phase 2: 179.61; Phase 3: 179.41; Phase 4: 179.67; Phase 5: 173.05
ISPY2_637051,0,2,39,287.88226318359375,107.41197111387145,219.96180796527074,global,Phase 0: 77.92; Phase 1: 244.21; Phase 2: 287.88; Phase 3: 281.19; Phase 4: 272.96; Phase 5: 267.42
ISPY2_637566,0,4,35,108.28777313232422,107.41197111387145,219.96180796527074,global,Phase 0: 41.56; Phase 1: 89.16; Phase 2: 107.42; Phase 3: 108.24; Phase 4: 108.29; Phase 5: 107.40
ISPY2_637752,0,5,83,257.77935791015625,107.41197111387145,219.96180796527074,global,Phase 0: 120.91; Phase 1: 220.96; Phase 2: 251.09; Phase 3: 256.07; Phase 4: 256.18; Phase 5: 257.78
ISPY2_638126,0,4,51,435.58612060546875,107.41197111387145,219.96180796527074,global,Phase 0: 218.57; Phase 1: 275.80; Phase 2: 400.91; Phase 3: 433.44; Phase 4: 435.59; Phase 5: 434.91
ISPY2_639663,0,5,38,194.2783660888672,107.41197111387145,219.96180796527074,global,Phase 0: 95.75; Phase 1: 160.42; Phase 2: 185.01; Phase 3: 188.42; Phase 4: 188.93; Phase 5: 194.28
ISPY2_640043,0,4,64,797.8541259765625,107.41197111387145,219.96180796527074,global,Phase 0: 297.63; Phase 1: 662.58; Phase 2: 781.65; Phase 3: 780.71; Phase 4: 797.85; Phase 5: 770.27
ISPY2_640463,0,2,66,450.71234130859375,107.41197111387145,219.96180796527074,global,Phase 0: 184.48; Phase 1: 431.85; Phase 2: 450.71; Phase 3: 433.45; Phase 4: 422.32; Phase 5: 410.06
ISPY2_640927,0,3,57,503.924560546875,107.41197111387145,219.96180796527074,global,Phase 0: 197.82; Phase 1: 492.91; Phase 2: 503.12; Phase 3: 503.92; Phase 4: 503.58; Phase 5: 495.17
ISPY2_641246,0,2,59,549.5489501953125,107.41197111387145,219.96180796527074,global,Phase 0: 201.30; Phase 1: 511.55; Phase 2: 549.55; Phase 3: 539.49; Phase 4: 535.58; Phase 5: 525.19
ISPY2_641697,0,3,75,1915.1776123046875,107.41197111387145,219.96180796527074,global,Phase 0: 794.48; Phase 1: 1651.13; Phase 2: 1896.84; Phase 3: 1915.18; Phase 4: 1897.45; Phase 5: 1869.19
ISPY2_641977,0,2,61,526.246826171875,107.41197111387145,219.96180796527074,global,Phase 0: 248.07; Phase 1: 487.15; Phase 2: 526.25; Phase 3: 512.26; Phase 4: 499.76; Phase 5: 490.66
ISPY2_644186,0,3,26,1291.2318115234375,107.41197111387145,219.96180796527074,global,Phase 0: 573.56; Phase 1: 1139.09; Phase 2: 1272.09; Phase 3: 1291.23; Phase 4: 1210.29; Phase 5: 1213.70
ISPY2_644609,0,3,40,2140.2080078125,107.41197111387145,219.96180796527074,global,Phase 0: 823.90; Phase 1: 1959.10; Phase 2: 2066.94; Phase 3: 2140.21; Phase 4: 2008.45; Phase 5: 2034.62
ISPY2_646233,0,3,30,427.076416015625,107.41197111387145,219.96180796527074,global,Phase 0: 229.92; Phase 1: 360.17; Phase 2: 417.06; Phase 3: 427.08; Phase 4: 425.51; Phase 5: 425.26
ISPY2_646600,0,4,35,1903.515869140625,107.41197111387145,219.96180796527074,global,Phase 0: 814.83; Phase 1: 1547.44; Phase 2: 1812.78; Phase 3: 1887.57; Phase 4: 1903.52; Phase 5: 1865.69
ISPY2_649198,0,4,46,376.8524169921875,107.41197111387145,219.96180796527074,global,Phase 0: 151.40; Phase 1: 248.72; Phase 2: 361.73; Phase 3: 372.83; Phase 4: 376.85; Phase 5: 374.41
ISPY2_650589,0,5,63,822.5810546875,107.41197111387145,219.96180796527074,global,Phase 0: 369.79; Phase 1: 492.14; Phase 2: 651.30; Phase 3: 732.43; Phase 4: 780.78; Phase 5: 822.58
ISPY2_651145,0,5,37,433.3017883300781,107.41197111387145,219.96180796527074,global,Phase 0: 235.66; Phase 1: 279.52; Phase 2: 372.64; Phase 3: 402.49; Phase 4: 417.38; Phase 5: 433.30
ISPY2_651401,0,5,17,183.84165954589844,107.41197111387145,219.96180796527074,global,Phase 0: 89.89; Phase 1: 157.76; Phase 2: 167.97; Phase 3: 174.49; Phase 4: 180.25; Phase 5: 183.84
ISPY2_651541,0,2,22,485.0708923339844,107.41197111387145,219.96180796527074,global,Phase 0: 147.77; Phase 1: 404.08; Phase 2: 485.07; Phase 3: 448.91; Phase 4: 424.55; Phase 5: 410.13
ISPY2_652480,0,2,33,3823.591796875,107.41197111387145,219.96180796527074,global,Phase 0: 1492.80; Phase 1: 3584.10; Phase 2: 3823.59; Phase 3: 3781.11; Phase 4: 3768.91; Phase 5: 3670.64
ISPY2_653325,0,4,86,1762.2119140625,107.41197111387145,219.96180796527074,global,Phase 0: 656.80; Phase 1: 1372.48; Phase 2: 1696.68; Phase 3: 1759.55; Phase 4: 1762.21; Phase 5: 1753.36
ISPY2_653927,0,5,38,647.5224609375,107.41197111387145,219.96180796527074,global,Phase 0: 323.17; Phase 1: 530.94; Phase 2: 608.99; Phase 3: 631.33; Phase 4: 643.61; Phase 5: 647.52
ISPY2_654021,0,5,46,1504.0321044921875,107.41197111387145,219.96180796527074,global,Phase 0: 735.39; Phase 1: 1130.61; Phase 2: 1371.43; Phase 3: 1430.40; Phase 4: 1480.37; Phase 5: 1504.03
ISPY2_654064,0,3,74,2775.17236328125,107.41197111387145,219.96180796527074,global,Phase 0: 1140.39; Phase 1: 2216.00; Phase 2: 2774.01; Phase 3: 2775.17; Phase 4: 2760.77; Phase 5: 2750.90
ISPY2_654956,0,5,61,2759.625732421875,107.41197111387145,219.96180796527074,global,Phase 0: 1075.56; Phase 1: 1947.15; Phase 2: 2520.65; Phase 3: 2746.97; Phase 4: 2701.12; Phase 5: 2759.63
ISPY2_655128,0,3,38,590.0272827148438,107.41197111387145,219.96180796527074,global,Phase 0: 252.75; Phase 1: 521.40; Phase 2: 588.65; Phase 3: 590.03; Phase 4: 582.00; Phase 5: 574.01
ISPY2_655703,0,2,111,483.9437255859375,107.41197111387145,219.96180796527074,global,Phase 0: 242.47; Phase 1: 460.61; Phase 2: 483.94; Phase 3: 481.08; Phase 4: 474.79; Phase 5: 463.85
ISPY2_655795,0,5,153,1644.007080078125,107.41197111387145,219.96180796527074,global,Phase 0: 648.03; Phase 1: 1333.67; Phase 2: 1525.91; Phase 3: 1608.75; Phase 4: 1629.60; Phase 5: 1644.01
ISPY2_658541,0,4,30,519.1257934570312,107.41197111387145,219.96180796527074,global,Phase 0: 308.29; Phase 1: 487.88; Phase 2: 501.09; Phase 3: 513.05; Phase 4: 519.13; Phase 5: 493.67
ISPY2_660534,0,2,26,236.9545440673828,107.41197111387145,219.96180796527074,global,Phase 0: 120.78; Phase 1: 207.09; Phase 2: 236.95; Phase 3: 234.70; Phase 4: 235.23; Phase 5: 234.48
ISPY2_660915,0,5,50,634.0469360351562,107.41197111387145,219.96180796527074,global,Phase 0: 267.36; Phase 1: 581.32; Phase 2: 554.38; Phase 3: 626.39; Phase 4: 633.10; Phase 5: 634.05
ISPY2_661730,0,5,21,1036.8804931640625,107.41197111387145,219.96180796527074,global,Phase 0: 609.79; Phase 1: 889.30; Phase 2: 966.74; Phase 3: 1028.91; Phase 4: 1031.20; Phase 5: 1036.88
ISPY2_663144,0,3,49,6733.0966796875,107.41197111387145,219.96180796527074,global,Phase 0: 2366.56; Phase 1: 6053.24; Phase 2: 6659.88; Phase 3: 6733.10; Phase 4: 6684.28; Phase 5: 6632.98
ISPY2_663197,0,5,17,1411.6873779296875,107.41197111387145,219.96180796527074,global,Phase 0: 754.26; Phase 1: 1100.84; Phase 2: 1277.34; Phase 3: 1345.71; Phase 4: 1387.66; Phase 5: 1411.69
ISPY2_663467,0,2,30,1371.37939453125,107.41197111387145,219.96180796527074,global,Phase 0: 537.18; Phase 1: 1265.61; Phase 2: 1371.38; Phase 3: 1361.44; Phase 4: 1333.71; Phase 5: 1311.80
ISPY2_664111,0,2,19,990.119873046875,107.41197111387145,219.96180796527074,global,Phase 0: 480.99; Phase 1: 917.63; Phase 2: 990.12; Phase 3: 978.99; Phase 4: 964.97; Phase 5: 940.65
ISPY2_664658,0,3,73,3629.45849609375,107.41197111387145,219.96180796527074,global,Phase 0: 1291.73; Phase 1: 3335.37; Phase 2: 3625.52; Phase 3: 3629.46; Phase 4: 3548.20; Phase 5: 3513.19
ISPY2_666147,0,3,40,1442.634033203125,107.41197111387145,219.96180796527074,global,Phase 0: 694.50; Phase 1: 1129.48; Phase 2: 1171.50; Phase 3: 1442.63; Phase 4: 1247.04; Phase 5: 1397.70
ISPY2_666450,0,5,28,576.3016967773438,107.41197111387145,219.96180796527074,global,Phase 0: 278.99; Phase 1: 443.00; Phase 2: 527.04; Phase 3: 552.64; Phase 4: 563.69; Phase 5: 576.30
ISPY2_666715,0,2,59,2279.901123046875,107.41197111387145,219.96180796527074,global,Phase 0: 869.47; Phase 1: 2102.29; Phase 2: 2279.90; Phase 3: 2249.76; Phase 4: 2243.83; Phase 5: 2145.16
ISPY2_668752,0,5,47,3158.824951171875,107.41197111387145,219.96180796527074,global,Phase 0: 1452.53; Phase 1: 2593.75; Phase 2: 2970.47; Phase 3: 3081.33; Phase 4: 3133.10; Phase 5: 3158.82
ISPY2_672734,0,5,49,387.6690979003906,107.41197111387145,219.96180796527074,global,Phase 0: 192.33; Phase 1: 297.70; Phase 2: 362.75; Phase 3: 379.81; Phase 4: 385.59; Phase 5: 387.67
ISPY2_674897,0,3,55,409.79559326171875,107.41197111387145,219.96180796527074,global,Phase 0: 144.63; Phase 1: 337.91; Phase 2: 400.71; Phase 3: 409.80; Phase 4: 363.91; Phase 5: 328.39
ISPY2_676048,0,5,49,294.85809326171875,107.41197111387145,219.96180796527074,global,Phase 0: 122.37; Phase 1: 220.76; Phase 2: 246.29; Phase 3: 265.13; Phase 4: 279.53; Phase 5: 294.86
ISPY2_676365,0,2,105,282.97821044921875,107.41197111387145,219.96180796527074,global,Phase 0: 120.39; Phase 1: 239.54; Phase 2: 282.98; Phase 3: 278.39; Phase 4: 271.87; Phase 5: 262.20
ISPY2_676630,0,2,80,495.025634765625,107.41197111387145,219.96180796527074,global,Phase 0: 211.10; Phase 1: 468.40; Phase 2: 495.03; Phase 3: 485.16; Phase 4: 471.49; Phase 5: 461.24
ISPY2_677910,0,2,25,388.838134765625,107.41197111387145,219.96180796527074,global,Phase 0: 112.75; Phase 1: 303.27; Phase 2: 388.84; Phase 3: 388.28; Phase 4: 385.13; Phase 5: 373.88
ISPY2_677915,0,2,45,310.88446044921875,107.41197111387145,219.96180796527074,global,Phase 0: 151.30; Phase 1: 304.11; Phase 2: 310.88; Phase 3: 306.47; Phase 4: 299.99; Phase 5: 295.87
ISPY2_679787,0,2,30,1837.4644775390625,107.41197111387145,219.96180796527074,global,Phase 0: 753.98; Phase 1: 1487.38; Phase 2: 1837.46; Phase 3: 1729.65; Phase 4: 1687.71; Phase 5: 1686.72
ISPY2_680881,0,3,60,1656.30078125,107.41197111387145,219.96180796527074,global,Phase 0: 712.82; Phase 1: 1439.84; Phase 2: 1604.35; Phase 3: 1656.30; Phase 4: 1643.80; Phase 5: 1636.61
ISPY2_683173,0,2,29,226.582275390625,107.41197111387145,219.96180796527074,global,Phase 0: 101.50; Phase 1: 219.94; Phase 2: 226.58; Phase 3: 225.15; Phase 4: 220.97; Phase 5: 220.97
ISPY2_683374,0,2,75,3022.1240234375,107.41197111387145,219.96180796527074,global,Phase 0: 1249.64; Phase 1: 2722.43; Phase 2: 3022.12; Phase 3: 2999.08; Phase 4: 2992.25; Phase 5: 2981.56
ISPY2_683457,0,4,76,1256.4132080078125,107.41197111387145,219.96180796527074,global,Phase 0: 654.38; Phase 1: 886.97; Phase 2: 1213.13; Phase 3: 1248.87; Phase 4: 1256.41; Phase 5: 1255.65
ISPY2_683896,0,5,62,343.2704772949219,107.41197111387145,219.96180796527074,global,Phase 0: 143.97; Phase 1: 255.07; Phase 2: 325.21; Phase 3: 332.65; Phase 4: 342.94; Phase 5: 343.27
ISPY2_685182,0,2,24,346.2814636230469,107.41197111387145,219.96180796527074,global,Phase 0: 126.90; Phase 1: 292.08; Phase 2: 346.28; Phase 3: 339.41; Phase 4: 331.15; Phase 5: 325.31
ISPY2_685753,0,5,38,437.7207336425781,107.41197111387145,219.96180796527074,global,Phase 0: 169.64; Phase 1: 242.70; Phase 2: 334.59; Phase 3: 381.62; Phase 4: 413.50; Phase 5: 437.72
ISPY2_685795,0,5,33,2916.68310546875,107.41197111387145,219.96180796527074,global,Phase 0: 1274.57; Phase 1: 2298.91; Phase 2: 2734.06; Phase 3: 2842.46; Phase 4: 2875.46; Phase 5: 2916.68
ISPY2_687288,0,4,41,1423.0224609375,107.41197111387145,219.96180796527074,global,Phase 0: 755.08; Phase 1: 769.48; Phase 2: 1380.51; Phase 3: 1412.06; Phase 4: 1423.02; Phase 5: 1420.52
ISPY2_687733,0,2,37,469.7503356933594,107.41197111387145,219.96180796527074,global,Phase 0: 148.42; Phase 1: 467.46; Phase 2: 469.75; Phase 3: 453.05; Phase 4: 435.84; Phase 5: 428.42
ISPY2_688291,0,3,24,1023.9301147460938,107.41197111387145,219.96180796527074,global,Phase 0: 451.97; Phase 1: 939.34; Phase 2: 993.75; Phase 3: 1023.93; Phase 4: 994.13; Phase 5: 978.25
ISPY2_688955,0,4,36,960.3018798828125,107.41197111387145,219.96180796527074,global,Phase 0: 515.08; Phase 1: 847.11; Phase 2: 906.02; Phase 3: 949.54; Phase 4: 960.30; Phase 5: 935.97
ISPY2_689076,0,5,30,1807.4454345703125,107.41197111387145,219.96180796527074,global,Phase 0: 1163.54; Phase 1: 1522.61; Phase 2: 1714.51; Phase 3: 1772.20; Phase 4: 1791.61; Phase 5: 1807.45
ISPY2_689188,0,3,12,1165.91552734375,107.41197111387145,219.96180796527074,global,Phase 0: 601.14; Phase 1: 1105.39; Phase 2: 1149.65; Phase 3: 1165.92; Phase 4: 1122.69; Phase 5: 1123.33
ISPY2_689452,0,5,25,1649.865966796875,107.41197111387145,219.96180796527074,global,Phase 0: 847.92; Phase 1: 1318.54; Phase 2: 1489.11; Phase 3: 1559.80; Phase 4: 1610.67; Phase 5: 1649.87
ISPY2_689480,0,3,78,1629.068359375,107.41197111387145,219.96180796527074,global,Phase 0: 757.36; Phase 1: 789.78; Phase 2: 1619.50; Phase 3: 1629.07; Phase 4: 1608.90; Phase 5: 1577.25
ISPY2_690089,0,4,40,1003.8934936523438,107.41197111387145,219.96180796527074,global,Phase 0: 558.27; Phase 1: 857.68; Phase 2: 975.79; Phase 3: 997.86; Phase 4: 1003.89; Phase 5: 979.26
ISPY2_690410,0,3,41,450.9859313964844,107.41197111387145,219.96180796527074,global,Phase 0: 125.71; Phase 1: 309.86; Phase 2: 447.36; Phase 3: 450.99; Phase 4: 436.27; Phase 5: 423.17
ISPY2_691753,0,2,44,665.8275756835938,107.41197111387145,219.96180796527074,global,Phase 0: 330.42; Phase 1: 627.46; Phase 2: 665.83; Phase 3: 657.53; Phase 4: 658.84; Phase 5: 651.18
ISPY2_692885,0,4,69,3744.794189453125,107.41197111387145,219.96180796527074,global,Phase 0: 1391.03; Phase 1: 3190.58; Phase 2: 3677.12; Phase 3: 3656.57; Phase 4: 3744.79; Phase 5: 3561.64
ISPY2_695521,0,5,32,733.0672607421875,107.41197111387145,219.96180796527074,global,Phase 0: 394.29; Phase 1: 617.57; Phase 2: 705.42; Phase 3: 719.75; Phase 4: 728.68; Phase 5: 733.07
ISPY2_697098,0,4,42,1290.1741943359375,107.41197111387145,219.96180796527074,global,Phase 0: 451.29; Phase 1: 1044.43; Phase 2: 1263.85; Phase 3: 1276.79; Phase 4: 1290.17; Phase 5: 1274.17
ISPY2_697871,0,2,38,856.0247192382812,107.41197111387145,219.96180796527074,global,Phase 0: 186.01; Phase 1: 843.65; Phase 2: 856.02; Phase 3: 806.32; Phase 4: 751.07; Phase 5: 713.90
ISPY2_698094,0,5,43,218.75901794433594,107.41197111387145,219.96180796527074,global,Phase 0: 129.71; Phase 1: 158.04; Phase 2: 195.07; Phase 3: 205.30; Phase 4: 213.73; Phase 5: 218.76
ISPY2_700549,0,4,44,532.4066772460938,107.41197111387145,219.96180796527074,global,Phase 0: 262.05; Phase 1: 438.05; Phase 2: 515.47; Phase 3: 529.66; Phase 4: 532.41; Phase 5: 529.97
ISPY2_701790,0,3,59,3709.298828125,107.41197111387145,219.96180796527074,global,Phase 0: 1699.23; Phase 1: 3240.97; Phase 2: 3678.53; Phase 3: 3709.30; Phase 4: 3672.06; Phase 5: 3655.86
ISPY2_703401,0,5,47,721.1548461914062,107.41197111387145,219.96180796527074,global,Phase 0: 406.80; Phase 1: 586.78; Phase 2: 682.24; Phase 3: 697.35; Phase 4: 689.85; Phase 5: 721.15
ISPY2_703455,0,4,38,2844.852783203125,107.41197111387145,219.96180796527074,global,Phase 0: 908.42; Phase 1: 2284.49; Phase 2: 2749.51; Phase 3: 2790.75; Phase 4: 2844.85; Phase 5: 2820.30
ISPY2_705381,0,3,61,2177.69580078125,107.41197111387145,219.96180796527074,global,Phase 0: 801.60; Phase 1: 1699.19; Phase 2: 2091.11; Phase 3: 2177.70; Phase 4: 2165.17; Phase 5: 2110.13
ISPY2_706169,0,4,29,1974.2406005859375,107.41197111387145,219.96180796527074,global,Phase 0: 860.25; Phase 1: 1801.35; Phase 2: 1952.56; Phase 3: 1973.24; Phase 4: 1974.24; Phase 5: 1961.68
ISPY2_706418,0,1,31,585.5548095703125,107.41197111387145,219.96180796527074,global,Phase 0: 192.03; Phase 1: 585.55; Phase 2: 578.69; Phase 3: 564.00; Phase 4: 546.42; Phase 5: 530.41
ISPY2_706639,0,2,56,423.7869567871094,107.41197111387145,219.96180796527074,global,Phase 0: 187.42; Phase 1: 402.31; Phase 2: 423.79; Phase 3: 416.22; Phase 4: 407.26; Phase 5: 399.15
ISPY2_706943,0,4,49,1026.8192138671875,107.41197111387145,219.96180796527074,global,Phase 0: 377.71; Phase 1: 771.88; Phase 2: 977.23; Phase 3: 1021.99; Phase 4: 1026.82; Phase 5: 1010.75
ISPY2_708387,0,5,86,3009.5322265625,107.41197111387145,219.96180796527074,global,Phase 0: 1274.39; Phase 1: 2387.11; Phase 2: 2712.22; Phase 3: 2780.78; Phase 4: 2948.36; Phase 5: 3009.53
ISPY2_709559,0,2,40,610.3817138671875,107.41197111387145,219.96180796527074,global,Phase 0: 309.51; Phase 1: 606.10; Phase 2: 610.38; Phase 3: 594.86
ISPY2_711476,0,3,53,1221.0994873046875,107.41197111387145,219.96180796527074,global,Phase 0: 629.29; Phase 1: 1138.41; Phase 2: 1220.08; Phase 3: 1221.10; Phase 4: 1205.83; Phase 5: 1196.05
ISPY2_712276,0,4,45,2532.869140625,107.41197111387145,219.96180796527074,global,Phase 0: 800.95; Phase 1: 1956.11; Phase 2: 2438.13; Phase 3: 2500.16; Phase 4: 2532.87; Phase 5: 2526.10
ISPY2_712785,0,3,30,377.7594909667969,107.41197111387145,219.96180796527074,global,Phase 0: 126.36; Phase 1: 340.29; Phase 2: 375.69; Phase 3: 377.76; Phase 4: 374.02; Phase 5: 368.08
ISPY2_712917,0,4,57,958.9141845703125,107.41197111387145,219.96180796527074,global,Phase 0: 397.63; Phase 1: 854.09; Phase 2: 920.83; Phase 3: 946.34; Phase 4: 958.91; Phase 5: 934.99
ISPY2_714205,0,2,39,2448.266845703125,107.41197111387145,219.96180796527074,global,Phase 0: 796.75; Phase 1: 2236.28; Phase 2: 2448.27; Phase 3: 2385.07; Phase 4: 2301.26; Phase 5: 2216.25
ISPY2_719713,0,5,61,313.63677978515625,107.41197111387145,219.96180796527074,global,Phase 0: 171.06; Phase 1: 187.09; Phase 2: 239.29; Phase 3: 271.58; Phase 4: 294.07; Phase 5: 313.64
ISPY2_720065,0,2,46,415.1980285644531,107.41197111387145,219.96180796527074,global,Phase 0: 196.98; Phase 1: 378.88; Phase 2: 415.20; Phase 3: 413.30; Phase 4: 406.90; Phase 5: 398.66
ISPY2_721099,0,4,67,2118.5693359375,107.41197111387145,219.96180796527074,global,Phase 0: 1181.00; Phase 1: 1739.94; Phase 2: 1964.94; Phase 3: 2054.81; Phase 4: 2118.57; Phase 5: 2093.88
ISPY2_723918,0,5,81,1921.37353515625,107.41197111387145,219.96180796527074,global,Phase 0: 622.01; Phase 1: 1472.91; Phase 2: 1791.02; Phase 3: 1861.40; Phase 4: 1920.78; Phase 5: 1921.37
ISPY2_724293,0,5,38,1791.0506591796875,107.41197111387145,219.96180796527074,global,Phase 0: 1141.11; Phase 1: 1655.65; Phase 2: 1759.50; Phase 3: 1777.14; Phase 4: 1763.71; Phase 5: 1791.05
ISPY2_724384,0,3,43,693.5376586914062,107.41197111387145,219.96180796527074,global,Phase 0: 346.22; Phase 1: 632.25; Phase 2: 688.27; Phase 3: 693.54; Phase 4: 688.25; Phase 5: 686.39
ISPY2_725455,0,2,115,303.3107604980469,107.41197111387145,219.96180796527074,global,Phase 0: 142.04; Phase 1: 249.12; Phase 2: 303.31; Phase 3: 301.92; Phase 4: 302.01; Phase 5: 299.51
ISPY2_726091,0,4,33,398.4196472167969,107.41197111387145,219.96180796527074,global,Phase 0: 203.21; Phase 1: 326.34; Phase 2: 393.87; Phase 3: 397.59; Phase 4: 398.42; Phase 5: 397.81
ISPY2_726381,0,2,60,2521.291015625,107.41197111387145,219.96180796527074,global,Phase 0: 968.74; Phase 1: 2285.43; Phase 2: 2521.29; Phase 3: 2474.70; Phase 4: 2434.83; Phase 5: 2373.29
ISPY2_726940,0,3,41,1225.896728515625,107.41197111387145,219.96180796527074,global,Phase 0: 456.52; Phase 1: 887.36; Phase 2: 1105.92; Phase 3: 1225.90; Phase 4: 1176.78; Phase 5: 1198.63
ISPY2_727255,0,2,34,1573.929443359375,107.41197111387145,219.96180796527074,global,Phase 0: 608.16; Phase 1: 1542.05; Phase 2: 1573.93; Phase 3: 1546.03; Phase 4: 1522.83; Phase 5: 1500.91
ISPY2_727804,0,4,37,1541.393310546875,107.41197111387145,219.96180796527074,global,Phase 0: 688.74; Phase 1: 1210.31; Phase 2: 1472.02; Phase 3: 1536.56; Phase 4: 1541.39; Phase 5: 1532.78
ISPY2_728149,0,5,73,3228.83984375,107.41197111387145,219.96180796527074,global,Phase 0: 1427.90; Phase 1: 2712.13; Phase 2: 3116.36; Phase 3: 3173.53; Phase 4: 3212.14; Phase 5: 3228.84
ISPY2_728182,0,5,74,1036.0970458984375,107.41197111387145,219.96180796527074,global,Phase 0: 589.96; Phase 1: 599.61; Phase 2: 939.30; Phase 3: 997.46; Phase 4: 1030.33; Phase 5: 1036.10
ISPY2_728287,0,2,98,1294.9786376953125,107.41197111387145,219.96180796527074,global,Phase 0: 549.50; Phase 1: 1235.74; Phase 2: 1294.98; Phase 3: 1153.00; Phase 4: 1157.11; Phase 5: 1161.06
ISPY2_728714,0,5,61,1998.46826171875,107.41197111387145,219.96180796527074,global,Phase 0: 993.24; Phase 1: 1741.05; Phase 2: 1911.54; Phase 3: 1954.17; Phase 4: 1975.31; Phase 5: 1998.47
ISPY2_729270,0,2,57,484.9852294921875,107.41197111387145,219.96180796527074,global,Phase 0: 174.39; Phase 1: 469.63; Phase 2: 484.99; Phase 3: 466.02; Phase 4: 447.85; Phase 5: 435.04
ISPY2_729732,0,3,54,739.596923828125,107.41197111387145,219.96180796527074,global,Phase 0: 276.04; Phase 1: 591.74; Phase 2: 731.30; Phase 3: 739.60; Phase 4: 728.44; Phase 5: 726.33
ISPY2_732137,0,2,70,1241.876220703125,107.41197111387145,219.96180796527074,global,Phase 0: 771.72; Phase 1: 1016.11; Phase 2: 1241.88; Phase 3: 1233.49; Phase 4: 1216.31; Phase 5: 1195.81
ISPY2_733276,0,3,43,1045.797119140625,107.41197111387145,219.96180796527074,global,Phase 0: 461.41; Phase 1: 966.94; Phase 2: 1017.33; Phase 3: 1045.80; Phase 4: 1024.01; Phase 5: 1007.77
ISPY2_734997,0,3,67,2310.313232421875,107.41197111387145,219.96180796527074,global,Phase 0: 845.41; Phase 1: 1953.78; Phase 2: 2230.37; Phase 3: 2310.31; Phase 4: 2300.15; Phase 5: 2279.01
ISPY2_735673,0,3,18,1429.4942626953125,107.41197111387145,219.96180796527074,global,Phase 0: 502.45; Phase 1: 1254.46; Phase 2: 1384.55; Phase 3: 1429.49; Phase 4: 1395.06; Phase 5: 1399.43
ISPY2_736721,0,5,98,426.5998840332031,107.41197111387145,219.96180796527074,global,Phase 0: 215.67; Phase 1: 352.74; Phase 2: 420.42; Phase 3: 425.54; Phase 4: 423.71; Phase 5: 426.60
ISPY2_738041,0,2,55,515.3041381835938,107.41197111387145,219.96180796527074,global,Phase 0: 225.83; Phase 1: 472.42; Phase 2: 515.30; Phase 3: 504.88; Phase 4: 507.74; Phase 5: 501.77
ISPY2_741535,0,4,38,865.3260498046875,107.41197111387145,219.96180796527074,global,Phase 0: 349.46; Phase 1: 759.79; Phase 2: 849.02; Phase 3: 856.91; Phase 4: 865.33; Phase 5: 858.78
ISPY2_742477,0,5,57,490.9591979980469,107.41197111387145,219.96180796527074,global,Phase 0: 220.72; Phase 1: 343.26; Phase 2: 450.40; Phase 3: 473.69; Phase 4: 483.22; Phase 5: 490.96
ISPY2_745633,0,3,50,1487.6182861328125,107.41197111387145,219.96180796527074,global,Phase 0: 641.83; Phase 1: 1344.19; Phase 2: 1481.63; Phase 3: 1487.62; Phase 4: 1475.58; Phase 5: 1465.68
ISPY2_746265,0,5,44,1057.8275146484375,107.41197111387145,219.96180796527074,global,Phase 0: 507.43; Phase 1: 855.92; Phase 2: 992.84; Phase 3: 1044.52; Phase 4: 1053.71; Phase 5: 1057.83
ISPY2_746731,0,3,30,381.21826171875,107.41197111387145,219.96180796527074,global,Phase 0: 146.58; Phase 1: 304.93; Phase 2: 372.36; Phase 3: 381.22; Phase 4: 380.09; Phase 5: 377.06
ISPY2_748583,0,2,36,873.5048828125,107.41197111387145,219.96180796527074,global,Phase 0: 479.20; Phase 1: 821.18; Phase 2: 873.50; Phase 3: 863.28; Phase 4: 851.95; Phase 5: 845.61
ISPY2_748611,0,3,36,389.82513427734375,107.41197111387145,219.96180796527074,global,Phase 0: 174.21; Phase 1: 366.24; Phase 2: 360.65; Phase 3: 389.83; Phase 4: 337.80; Phase 5: 364.02
ISPY2_749097,0,3,40,3228.2626953125,107.41197111387145,219.96180796527074,global,Phase 0: 1250.46; Phase 1: 2905.76; Phase 2: 3194.58; Phase 3: 3228.26; Phase 4: 3200.20; Phase 5: 3171.17
ISPY2_752372,0,3,83,273.4923400878906,107.41197111387145,219.96180796527074,global,Phase 0: 113.52; Phase 1: 230.18; Phase 2: 268.99; Phase 3: 273.49; Phase 4: 270.88; Phase 5: 269.73
ISPY2_752469,0,5,93,1458.3037109375,107.41197111387145,219.96180796527074,global,Phase 0: 558.76; Phase 1: 924.33; Phase 2: 1273.15; Phase 3: 1324.41; Phase 4: 1405.11; Phase 5: 1458.30
ISPY2_753109,0,4,46,541.2228393554688,107.41197111387145,219.96180796527074,global,Phase 0: 237.04; Phase 1: 479.65; Phase 2: 534.48; Phase 3: 539.61; Phase 4: 541.22; Phase 5: 522.29
ISPY2_755914,0,4,80,1053.7794189453125,107.41197111387145,219.96180796527074,global,Phase 0: 411.98; Phase 1: 945.99; Phase 2: 1045.32; Phase 3: 1044.28; Phase 4: 1053.78; Phase 5: 989.26
ISPY2_756412,0,5,12,1541.705322265625,107.41197111387145,219.96180796527074,global,Phase 0: 636.00; Phase 1: 945.69; Phase 2: 1322.98; Phase 3: 1459.61; Phase 4: 1512.49; Phase 5: 1541.71
ISPY2_759015,0,5,16,504.0240478515625,107.41197111387145,219.96180796527074,global,Phase 0: 261.04; Phase 1: 379.27; Phase 2: 486.82; Phase 3: 498.55; Phase 4: 498.66; Phase 5: 504.02
ISPY2_759418,0,4,26,249.32420349121094,107.41197111387145,219.96180796527074,global,Phase 0: 60.22; Phase 1: 86.69; Phase 2: 208.88; Phase 3: 242.27; Phase 4: 249.32; Phase 5: 249.12
ISPY2_760011,0,2,43,298.39154052734375,107.41197111387145,219.96180796527074,global,Phase 0: 126.11; Phase 1: 253.67; Phase 2: 298.39; Phase 3: 283.45; Phase 4: 271.05; Phase 5: 265.28
ISPY2_760901,0,2,53,2727.9765625,107.41197111387145,219.96180796527074,global,Phase 0: 1029.91; Phase 1: 2602.07; Phase 2: 2727.98; Phase 3: 2674.75; Phase 4: 2601.11; Phase 5: 2538.71
ISPY2_765671,0,3,54,451.0522155761719,107.41197111387145,219.96180796527074,global,Phase 0: 141.48; Phase 1: 314.14; Phase 2: 425.04; Phase 3: 451.05; Phase 4: 446.47; Phase 5: 441.69
ISPY2_765773,0,3,51,1487.4351806640625,107.41197111387145,219.96180796527074,global,Phase 0: 505.42; Phase 1: 1304.98; Phase 2: 1484.46; Phase 3: 1487.44; Phase 4: 1462.54; Phase 5: 1482.44
ISPY2_766301,0,3,33,649.4832763671875,107.41197111387145,219.96180796527074,global,Phase 0: 279.81; Phase 1: 562.32; Phase 2: 644.29; Phase 3: 649.48; Phase 4: 645.07; Phase 5: 636.73
ISPY2_766967,0,5,71,2059.758056640625,107.41197111387145,219.96180796527074,global,Phase 0: 864.64; Phase 1: 1253.83; Phase 2: 1798.87; Phase 3: 1872.37; Phase 4: 1941.43; Phase 5: 2059.76
ISPY2_767081,0,3,39,291.7358703613281,107.41197111387145,219.96180796527074,global,Phase 0: 98.94; Phase 1: 224.76; Phase 2: 289.16; Phase 3: 291.74; Phase 4: 286.03; Phase 5: 280.67
ISPY2_767934,0,1,48,4147.30810546875,107.41197111387145,219.96180796527074,global,Phase 0: 1586.58; Phase 1: 4147.31; Phase 2: 3879.57; Phase 3: 3657.11; Phase 4: 3485.06; Phase 5: 3337.72
ISPY2_768214,0,3,80,327.67144775390625,107.41197111387145,219.96180796527074,global,Phase 0: 133.11; Phase 1: 266.85; Phase 2: 322.25; Phase 3: 327.67; Phase 4: 321.41; Phase 5: 310.32
ISPY2_769972,0,1,25,1477.1715087890625,107.41197111387145,219.96180796527074,global,Phase 0: 614.85; Phase 1: 1477.17; Phase 2: 1450.67; Phase 3: 1432.81; Phase 4: 1356.70; Phase 5: 1348.75
ISPY2_771151,0,5,32,371.1884765625,107.41197111387145,219.96180796527074,global,Phase 0: 143.10; Phase 1: 267.51; Phase 2: 344.80; Phase 3: 357.37; Phase 4: 364.75; Phase 5: 371.19
ISPY2_771443,0,5,43,521.5357055664062,107.41197111387145,219.96180796527074,global,Phase 0: 279.13; Phase 1: 386.06; Phase 2: 462.27; Phase 3: 492.76; Phase 4: 505.22; Phase 5: 521.54
ISPY2_771813,0,2,28,1552.1866455078125,107.41197111387145,219.96180796527074,global,Phase 0: 777.00; Phase 1: 1497.21; Phase 2: 1552.19; Phase 3: 1548.87; Phase 4: 1532.84; Phase 5: 1528.30
ISPY2_774840,0,2,30,1014.474365234375,107.41197111387145,219.96180796527074,global,Phase 0: 614.64; Phase 1: 991.87; Phase 2: 1014.47; Phase 3: 992.88; Phase 4: 989.30; Phase 5: 972.97
ISPY2_775346,0,5,48,594.852783203125,107.41197111387145,219.96180796527074,global,Phase 0: 333.25; Phase 1: 435.03; Phase 2: 525.20; Phase 3: 570.57; Phase 4: 579.32; Phase 5: 594.85
ISPY2_778020,0,1,48,489.5608215332031,107.41197111387145,219.96180796527074,global,Phase 0: 121.52; Phase 1: 489.56; Phase 2: 464.71; Phase 3: 433.11; Phase 4: 408.01; Phase 5: 395.13
ISPY2_778527,0,2,111,615.8414916992188,107.41197111387145,219.96180796527074,global,Phase 0: 211.84; Phase 1: 543.80; Phase 2: 615.84; Phase 3: 554.69; Phase 4: 525.22; Phase 5: 501.91
ISPY2_779739,0,4,24,678.7662963867188,107.41197111387145,219.96180796527074,global,Phase 0: 289.62; Phase 1: 537.89; Phase 2: 651.45; Phase 3: 674.93; Phase 4: 678.77; Phase 5: 674.24
ISPY2_780272,0,5,87,1293.8233642578125,107.41197111387145,219.96180796527074,global,Phase 0: 623.75; Phase 1: 658.69; Phase 2: 1140.88; Phase 3: 1246.43; Phase 4: 1276.89; Phase 5: 1293.82
ISPY2_781335,0,4,54,506.4012756347656,107.41197111387145,219.96180796527074,global,Phase 0: 163.11; Phase 1: 360.19; Phase 2: 467.01; Phase 3: 494.25; Phase 4: 506.40; Phase 5: 505.98
ISPY2_781642,0,5,71,2103.321044921875,107.41197111387145,219.96180796527074,global,Phase 0: 1313.65; Phase 1: 1338.28; Phase 2: 2012.84; Phase 3: 2070.21; Phase 4: 2095.70; Phase 5: 2103.32
ISPY2_782334,0,3,123,1032.7506103515625,107.41197111387145,219.96180796527074,global,Phase 0: 427.04; Phase 1: 594.82; Phase 2: 1003.66; Phase 3: 1032.75; Phase 4: 1032.65; Phase 5: 1017.85
ISPY2_783427,0,2,50,1559.57373046875,107.41197111387145,219.96180796527074,global,Phase 0: 846.60; Phase 1: 1475.94; Phase 2: 1559.57; Phase 3: 1495.53; Phase 4: 1497.90; Phase 5: 1470.78
ISPY2_783578,0,5,85,970.52734375,107.41197111387145,219.96180796527074,global,Phase 0: 360.04; Phase 1: 607.91; Phase 2: 920.22; Phase 3: 955.16; Phase 4: 965.61; Phase 5: 970.53
ISPY2_783764,0,3,35,1022.418701171875,107.41197111387145,219.96180796527074,global,Phase 0: 506.46; Phase 1: 975.24; Phase 2: 994.40; Phase 3: 1022.42; Phase 4: 966.34; Phase 5: 955.91
ISPY2_783771,0,2,13,1736.010009765625,107.41197111387145,219.96180796527074,global,Phase 0: 599.89; Phase 1: 1729.45; Phase 2: 1736.01; Phase 3: 1662.44; Phase 4: 1580.88; Phase 5: 1533.25
ISPY2_786003,0,2,38,1070.6717529296875,107.41197111387145,219.96180796527074,global,Phase 0: 531.52; Phase 1: 956.61; Phase 2: 1070.67; Phase 3: 1053.62; Phase 4: 1057.95; Phase 5: 1046.07
ISPY2_786480,0,2,48,4420.9306640625,107.41197111387145,219.96180796527074,global,Phase 0: 1490.72; Phase 1: 3978.76; Phase 2: 4420.93; Phase 3: 4361.53; Phase 4: 4257.31; Phase 5: 4184.22
ISPY2_786753,0,5,79,1676.8226318359375,107.41197111387145,219.96180796527074,global,Phase 0: 730.54; Phase 1: 786.58; Phase 2: 1498.30; Phase 3: 1615.47; Phase 4: 1652.24; Phase 5: 1676.82
ISPY2_787415,0,4,80,619.5822143554688,107.41197111387145,219.96180796527074,global,Phase 0: 226.69; Phase 1: 484.15; Phase 2: 600.17; Phase 3: 610.62; Phase 4: 619.58; Phase 5: 596.87
ISPY2_788149,0,3,75,841.9945678710938,107.41197111387145,219.96180796527074,global,Phase 0: 274.44; Phase 1: 498.30; Phase 2: 840.26; Phase 3: 841.99; Phase 4: 836.68; Phase 5: 835.08
ISPY2_789497,0,5,86,741.0224609375,107.41197111387145,219.96180796527074,global,Phase 0: 325.05; Phase 1: 531.30; Phase 2: 653.00; Phase 3: 698.38; Phase 4: 721.83; Phase 5: 741.02
ISPY2_790070,0,3,52,496.12567138671875,107.41197111387145,219.96180796527074,global,Phase 0: 201.10; Phase 1: 428.43; Phase 2: 490.06; Phase 3: 496.13; Phase 4: 490.78; Phase 5: 485.11
ISPY2_790397,0,2,104,1530.9803466796875,107.41197111387145,219.96180796527074,global,Phase 0: 521.77; Phase 1: 1214.19; Phase 2: 1530.98; Phase 3: 1508.58; Phase 4: 1436.40; Phase 5: 1381.38
ISPY2_790722,0,2,51,329.348388671875,107.41197111387145,219.96180796527074,global,Phase 0: 188.48; Phase 1: 306.55; Phase 2: 329.35; Phase 3: 323.67; Phase 4: 315.65; Phase 5: 311.84
ISPY2_791321,0,2,85,557.5816650390625,107.41197111387145,219.96180796527074,global,Phase 0: 229.46; Phase 1: 533.26; Phase 2: 557.58; Phase 3: 536.57; Phase 4: 515.63; Phase 5: 495.03
ISPY2_791944,0,3,111,521.4974365234375,107.41197111387145,219.96180796527074,global,Phase 0: 247.56; Phase 1: 424.69; Phase 2: 511.26; Phase 3: 521.50; Phase 4: 513.11; Phase 5: 502.58
ISPY2_792181,0,2,67,404.95635986328125,107.41197111387145,219.96180796527074,global,Phase 0: 170.76; Phase 1: 362.76; Phase 2: 404.96; Phase 3: 398.06; Phase 4: 390.72; Phase 5: 384.42
ISPY2_792412,0,1,45,555.5457153320312,107.41197111387145,219.96180796527074,global,Phase 0: 160.03; Phase 1: 555.55; Phase 2: 554.81; Phase 3: 527.27; Phase 4: 512.49; Phase 5: 502.59
ISPY2_793155,0,5,99,1615.58447265625,107.41197111387145,219.96180796527074,global,Phase 0: 857.05; Phase 1: 911.46; Phase 2: 1533.54; Phase 3: 1582.92; Phase 4: 1599.09; Phase 5: 1615.58
ISPY2_793684,0,4,20,286.2335510253906,107.41197111387145,219.96180796527074,global,Phase 0: 84.52; Phase 1: 216.45; Phase 2: 285.87; Phase 3: 275.36; Phase 4: 286.23; Phase 5: 279.37
ISPY2_794128,0,4,40,667.9359741210938,107.41197111387145,219.96180796527074,global,Phase 0: 235.63; Phase 1: 604.11; Phase 2: 629.62; Phase 3: 645.51; Phase 4: 667.94; Phase 5: 633.52
ISPY2_794428,0,4,41,1974.9798583984375,107.41197111387145,219.96180796527074,global,Phase 0: 893.10; Phase 1: 1620.77; Phase 2: 1925.23; Phase 3: 1962.54; Phase 4: 1974.98; Phase 5: 1973.71
ISPY2_795996,0,2,64,3005.270263671875,107.41197111387145,219.96180796527074,global,Phase 0: 1139.30; Phase 1: 2681.78; Phase 2: 3005.27; Phase 3: 2961.11; Phase 4: 2887.82; Phase 5: 2796.85
ISPY2_796558,0,4,76,2010.596435546875,107.41197111387145,219.96180796527074,global,Phase 0: 849.20; Phase 1: 860.34; Phase 2: 1800.05; Phase 3: 1945.19; Phase 4: 2010.60; Phase 5: 2006.90
ISPY2_797427,0,4,37,587.5550537109375,107.41197111387145,219.96180796527074,global,Phase 0: 286.08; Phase 1: 341.12; Phase 2: 555.84; Phase 3: 584.32; Phase 4: 587.56; Phase 5: 583.28
ISPY2_797499,0,2,48,1695.31396484375,107.41197111387145,219.96180796527074,global,Phase 0: 722.75; Phase 1: 1688.29; Phase 2: 1695.31; Phase 3: 1691.85; Phase 4: 1677.11; Phase 5: 1658.21
ISPY2_797639,0,4,52,1604.9537353515625,107.41197111387145,219.96180796527074,global,Phase 0: 692.50; Phase 1: 1365.91; Phase 2: 1557.51; Phase 3: 1582.90; Phase 4: 1604.95; Phase 5: 1603.49
ISPY2_798604,0,5,107,426.6264343261719,107.41197111387145,219.96180796527074,global,Phase 0: 184.86; Phase 1: 333.15; Phase 2: 411.93; Phase 3: 422.87; Phase 4: 422.81; Phase 5: 426.63
ISPY2_799149,0,4,54,594.2184448242188,107.41197111387145,219.96180796527074,global,Phase 0: 284.51; Phase 1: 475.36; Phase 2: 562.57; Phase 3: 580.27; Phase 4: 594.22; Phase 5: 594.05
ISPY2_800447,0,5,90,2789.7880859375,107.41197111387145,219.96180796527074,global,Phase 0: 1198.55; Phase 1: 1907.12; Phase 2: 2586.56; Phase 3: 2715.26; Phase 4: 2739.40; Phase 5: 2789.79
ISPY2_800710,0,3,25,606.7626342773438,107.41197111387145,219.96180796527074,global,Phase 0: 325.64; Phase 1: 534.94; Phase 2: 598.89; Phase 3: 606.76; Phase 4: 600.33; Phase 5: 571.76
ISPY2_801641,0,5,33,640.750244140625,107.41197111387145,219.96180796527074,global,Phase 0: 259.09; Phase 1: 506.03; Phase 2: 625.73; Phase 3: 636.81; Phase 4: 639.31; Phase 5: 640.75
ISPY2_802105,0,3,33,210.1057891845703,107.41197111387145,219.96180796527074,global,Phase 0: 96.80; Phase 1: 185.07; Phase 2: 208.32; Phase 3: 210.11; Phase 4: 204.99; Phase 5: 207.57
ISPY2_802308,0,5,15,906.4151611328125,107.41197111387145,219.96180796527074,global,Phase 0: 458.18; Phase 1: 715.49; Phase 2: 867.16; Phase 3: 897.42; Phase 4: 897.08; Phase 5: 906.42
ISPY2_802778,0,5,20,1805.577392578125,107.41197111387145,219.96180796527074,global,Phase 0: 633.74; Phase 1: 1067.36; Phase 2: 1615.05; Phase 3: 1711.68; Phase 4: 1775.08; Phase 5: 1805.58
ISPY2_803514,0,2,63,2965.37744140625,107.41197111387145,219.96180796527074,global,Phase 0: 1092.41; Phase 1: 2532.06; Phase 2: 2965.38; Phase 3: 2897.50; Phase 4: 2816.83; Phase 5: 2752.01
ISPY2_803677,0,5,36,1927.592529296875,107.41197111387145,219.96180796527074,global,Phase 0: 904.83; Phase 1: 1564.45; Phase 2: 1858.31; Phase 3: 1901.43; Phase 4: 1916.83; Phase 5: 1927.59
ISPY2_804233,0,4,41,816.172119140625,107.41197111387145,219.96180796527074,global,Phase 0: 415.32; Phase 1: 713.83; Phase 2: 788.06; Phase 3: 794.27; Phase 4: 816.17; Phase 5: 791.02
ISPY2_804979,0,2,84,2810.441650390625,107.41197111387145,219.96180796527074,global,Phase 0: 1214.16; Phase 1: 2515.81; Phase 2: 2810.44; Phase 3: 2779.54; Phase 4: 2751.14; Phase 5: 2667.58
ISPY2_805136,0,4,49,1708.5430908203125,107.41197111387145,219.96180796527074,global,Phase 0: 934.95; Phase 1: 1396.89; Phase 2: 1656.93; Phase 3: 1701.82; Phase 4: 1708.54; Phase 5: 1699.35
ISPY2_808714,0,3,86,1071.5682373046875,107.41197111387145,219.96180796527074,global,Phase 0: 526.69; Phase 1: 1027.56; Phase 2: 1063.27; Phase 3: 1071.57; Phase 4: 1061.65; Phase 5: 1028.03
ISPY2_809037,0,5,44,1230.468994140625,107.41197111387145,219.96180796527074,global,Phase 0: 635.66; Phase 1: 798.94; Phase 2: 1041.05; Phase 3: 1124.00; Phase 4: 1167.81; Phase 5: 1230.47
ISPY2_809649,0,2,40,1878.5335693359375,107.41197111387145,219.96180796527074,global,Phase 0: 835.70; Phase 1: 1877.02; Phase 2: 1878.53; Phase 3: 1815.27; Phase 4: 1820.97; Phase 5: 1789.16
ISPY2_810965,0,2,36,547.295166015625,107.41197111387145,219.96180796527074,global,Phase 0: 268.40; Phase 1: 524.21; Phase 2: 547.30; Phase 3: 536.32; Phase 4: 523.63; Phase 5: 513.93
ISPY2_812089,0,4,40,2028.4591064453125,107.41197111387145,219.96180796527074,global,Phase 0: 756.09; Phase 1: 1626.85; Phase 2: 1962.47; Phase 3: 2025.35; Phase 4: 2028.46; Phase 5: 2003.65
ISPY2_814299,0,5,13,518.1458740234375,107.41197111387145,219.96180796527074,global,Phase 0: 249.20; Phase 1: 416.60; Phase 2: 487.54; Phase 3: 506.91; Phase 4: 517.05; Phase 5: 518.15
ISPY2_815421,0,4,35,456.28582763671875,107.41197111387145,219.96180796527074,global,Phase 0: 124.53; Phase 1: 274.04; Phase 2: 426.98; Phase 3: 456.19; Phase 4: 456.29; Phase 5: 452.47
ISPY2_815493,0,5,40,2046.6270751953125,107.41197111387145,219.96180796527074,global,Phase 0: 1111.98; Phase 1: 1845.46; Phase 2: 1994.95; Phase 3: 2021.06; Phase 4: 2016.64; Phase 5: 2046.63
ISPY2_819622,0,5,45,409.42108154296875,107.41197111387145,219.96180796527074,global,Phase 0: 222.57; Phase 1: 306.65; Phase 2: 377.33; Phase 3: 390.50; Phase 4: 404.22; Phase 5: 409.42
ISPY2_820348,0,2,125,565.9301147460938,107.41197111387145,219.96180796527074,global,Phase 0: 187.59; Phase 1: 413.69; Phase 2: 565.93; Phase 3: 559.16; Phase 4: 558.42; Phase 5: 547.77
ISPY2_820807,0,2,37,551.4578247070312,107.41197111387145,219.96180796527074,global,Phase 0: 152.63; Phase 1: 511.30; Phase 2: 551.46; Phase 3: 515.00; Phase 4: 482.23; Phase 5: 459.22
ISPY2_823618,0,2,36,273.7961730957031,107.41197111387145,219.96180796527074,global,Phase 0: 119.56; Phase 1: 244.89; Phase 2: 273.80; Phase 3: 271.02; Phase 4: 260.03; Phase 5: 254.12
ISPY2_824234,0,4,40,1319.193359375,107.41197111387145,219.96180796527074,global,Phase 0: 433.69; Phase 1: 1061.06; Phase 2: 1259.74; Phase 3: 1304.81; Phase 4: 1319.19; Phase 5: 1308.39
ISPY2_824350,0,3,18,449.7722473144531,107.41197111387145,219.96180796527074,global,Phase 0: 194.81; Phase 1: 412.61; Phase 2: 447.02; Phase 3: 449.77; Phase 4: 351.51; Phase 5: 368.56
ISPY2_824512,0,5,77,937.6114501953125,107.41197111387145,219.96180796527074,global,Phase 0: 374.56; Phase 1: 647.60; Phase 2: 837.51; Phase 3: 900.33; Phase 4: 924.46; Phase 5: 937.61
ISPY2_825363,0,4,50,251.07139587402344,107.41197111387145,219.96180796527074,global,Phase 0: 97.78; Phase 1: 200.70; Phase 2: 244.99; Phase 3: 249.05; Phase 4: 251.07; Phase 5: 246.67
ISPY2_828199,0,2,61,541.7269287109375,107.41197111387145,219.96180796527074,global,Phase 0: 251.29; Phase 1: 490.94; Phase 2: 541.73; Phase 3: 534.41; Phase 4: 529.93; Phase 5: 522.59
ISPY2_829491,0,2,79,815.198974609375,107.41197111387145,219.96180796527074,global,Phase 0: 252.64; Phase 1: 687.65; Phase 2: 815.20; Phase 3: 796.48; Phase 4: 766.94; Phase 5: 743.83
ISPY2_830486,0,4,101,1633.0556640625,107.41197111387145,219.96180796527074,global,Phase 0: 730.08; Phase 1: 1138.69; Phase 2: 1556.83; Phase 3: 1614.79; Phase 4: 1633.06; Phase 5: 1605.28
ISPY2_830958,0,4,33,848.0066528320312,107.41197111387145,219.96180796527074,global,Phase 0: 398.82; Phase 1: 696.82; Phase 2: 809.23; Phase 3: 810.94; Phase 4: 848.01; Phase 5: 835.37
ISPY2_831702,0,4,43,2768.150146484375,107.41197111387145,219.96180796527074,global,Phase 0: 1261.52; Phase 1: 2040.06; Phase 2: 2521.88; Phase 3: 2642.97; Phase 4: 2768.15; Phase 5: 2527.97
ISPY2_831848,0,4,23,866.865478515625,107.41197111387145,219.96180796527074,global,Phase 0: 468.38; Phase 1: 820.43; Phase 2: 850.17; Phase 3: 856.60; Phase 4: 866.87; Phase 5: 860.06
ISPY2_832056,0,3,141,848.1441650390625,107.41197111387145,219.96180796527074,global,Phase 0: 334.41; Phase 1: 781.68; Phase 2: 847.63; Phase 3: 848.14; Phase 4: 835.77; Phase 5: 829.46
ISPY2_833536,0,2,111,321.6624755859375,107.41197111387145,219.96180796527074,global,Phase 0: 154.41; Phase 1: 236.11; Phase 2: 321.66; Phase 3: 315.18; Phase 4: 316.86; Phase 5: 310.04
ISPY2_834418,0,5,39,1625.693359375,107.41197111387145,219.96180796527074,global,Phase 0: 711.47; Phase 1: 1241.26; Phase 2: 1561.20; Phase 3: 1619.99; Phase 4: 1621.28; Phase 5: 1625.69
ISPY2_835658,0,2,42,1664.1676025390625,107.41197111387145,219.96180796527074,global,Phase 0: 626.44; Phase 1: 1564.33; Phase 2: 1664.17; Phase 3: 1605.20; Phase 4: 1583.52; Phase 5: 1573.96
ISPY2_836114,0,3,45,426.8441467285156,107.41197111387145,219.96180796527074,global,Phase 0: 195.42; Phase 1: 331.40; Phase 2: 415.72; Phase 3: 426.84; Phase 4: 425.29; Phase 5: 420.04
ISPY2_836983,0,2,51,695.3889770507812,107.41197111387145,219.96180796527074,global,Phase 0: 256.68; Phase 1: 630.82; Phase 2: 695.39; Phase 3: 688.01; Phase 4: 680.15; Phase 5: 672.91
ISPY2_839274,0,3,72,238.3900146484375,107.41197111387145,219.96180796527074,global,Phase 0: 94.75; Phase 1: 97.45; Phase 2: 234.47; Phase 3: 238.39; Phase 4: 234.77; Phase 5: 229.57
ISPY2_840501,0,2,79,537.6368408203125,107.41197111387145,219.96180796527074,global,Phase 0: 260.18; Phase 1: 467.98; Phase 2: 537.64; Phase 3: 530.49; Phase 4: 530.37; Phase 5: 519.62
ISPY2_841336,0,2,34,1096.0845947265625,107.41197111387145,219.96180796527074,global,Phase 0: 361.29; Phase 1: 1042.59; Phase 2: 1096.08; Phase 3: 1078.51; Phase 4: 1058.30; Phase 5: 1044.21
ISPY2_843554,0,2,26,362.2898864746094,107.41197111387145,219.96180796527074,global,Phase 0: 135.25; Phase 1: 333.70; Phase 2: 362.29; Phase 3: 344.91; Phase 4: 337.20; Phase 5: 326.67
ISPY2_845079,0,2,54,1268.9464111328125,107.41197111387145,219.96180796527074,global,Phase 0: 449.49; Phase 1: 1186.50; Phase 2: 1268.95; Phase 3: 1239.98; Phase 4: 1134.21; Phase 5: 1074.07
ISPY2_845147,0,2,63,2714.495361328125,107.41197111387145,219.96180796527074,global,Phase 0: 949.42; Phase 1: 2477.91; Phase 2: 2714.50; Phase 3: 2650.14; Phase 4: 2616.78; Phase 5: 2554.66
ISPY2_845663,0,2,63,458.54522705078125,107.41197111387145,219.96180796527074,global,Phase 0: 222.47; Phase 1: 425.26; Phase 2: 458.55; Phase 3: 453.58; Phase 4: 450.06; Phase 5: 429.86
ISPY2_845783,0,3,62,1268.6923828125,107.41197111387145,219.96180796527074,global,Phase 0: 579.75; Phase 1: 1219.28; Phase 2: 1246.12; Phase 3: 1268.69; Phase 4: 1255.06; Phase 5: 1231.75
ISPY2_846156,0,3,70,731.1947021484375,107.41197111387145,219.96180796527074,global,Phase 0: 219.18; Phase 1: 573.11; Phase 2: 704.64; Phase 3: 731.19; Phase 4: 723.66; Phase 5: 728.07
ISPY2_847272,0,2,50,1149.62744140625,107.41197111387145,219.96180796527074,global,Phase 0: 439.83; Phase 1: 1029.19; Phase 2: 1149.63; Phase 3: 1149.33; Phase 4: 1117.97; Phase 5: 1091.96
ISPY2_847753,0,5,39,770.8506469726562,107.41197111387145,219.96180796527074,global,Phase 0: 358.15; Phase 1: 651.48; Phase 2: 750.08; Phase 3: 747.69; Phase 4: 769.15; Phase 5: 770.85
ISPY2_848003,0,2,44,257.60736083984375,107.41197111387145,219.96180796527074,global,Phase 0: 103.38; Phase 1: 232.28; Phase 2: 257.61; Phase 3: 254.39; Phase 4: 249.37; Phase 5: 238.51
ISPY2_848371,0,4,60,127.18252563476562,107.41197111387145,219.96180796527074,global,Phase 0: 68.52; Phase 1: 114.38; Phase 2: 118.99; Phase 3: 124.75; Phase 4: 127.18; Phase 5: 126.26
ISPY2_849605,0,2,95,306.69378662109375,107.41197111387145,219.96180796527074,global,Phase 0: 134.87; Phase 1: 219.20; Phase 2: 306.69; Phase 3: 293.91; Phase 4: 284.48; Phase 5: 283.15
ISPY2_851180,0,2,51,358.4280090332031,107.41197111387145,219.96180796527074,global,Phase 0: 151.09; Phase 1: 333.29; Phase 2: 358.43; Phase 3: 349.51; Phase 4: 338.15; Phase 5: 330.83
ISPY2_851223,0,1,48,1737.7864990234375,107.41197111387145,219.96180796527074,global,Phase 0: 711.97; Phase 1: 1737.79; Phase 2: 1685.33; Phase 3: 1707.79; Phase 4: 1707.69; Phase 5: 1697.71
ISPY2_851488,0,3,92,508.86395263671875,107.41197111387145,219.96180796527074,global,Phase 0: 198.32; Phase 1: 389.47; Phase 2: 503.57; Phase 3: 508.86; Phase 4: 494.01; Phase 5: 488.84
ISPY2_856159,0,2,26,1275.5677490234375,107.41197111387145,219.96180796527074,global,Phase 0: 639.89; Phase 1: 1096.39; Phase 2: 1275.57; Phase 3: 1260.31; Phase 4: 1259.61; Phase 5: 1253.83
ISPY2_857165,0,3,41,1271.1307373046875,107.41197111387145,219.96180796527074,global,Phase 0: 436.32; Phase 1: 1082.84; Phase 2: 1223.29; Phase 3: 1271.13; Phase 4: 1251.95; Phase 5: 1217.77
ISPY2_859699,0,2,87,376.05426025390625,107.41197111387145,219.96180796527074,global,Phase 0: 176.69; Phase 1: 270.21; Phase 2: 376.05; Phase 3: 374.44; Phase 4: 374.70; Phase 5: 369.24
ISPY2_860243,0,4,39,778.8945922851562,107.41197111387145,219.96180796527074,global,Phase 0: 402.75; Phase 1: 669.50; Phase 2: 766.35; Phase 3: 771.24; Phase 4: 778.89; Phase 5: 759.90
ISPY2_860901,0,4,18,505.3399658203125,107.41197111387145,219.96180796527074,global,Phase 0: 217.25; Phase 1: 352.87; Phase 2: 446.06; Phase 3: 488.58; Phase 4: 505.34; Phase 5: 491.81
ISPY2_861745,0,5,41,1516.7410888671875,107.41197111387145,219.96180796527074,global,Phase 0: 662.26; Phase 1: 1379.30; Phase 2: 1514.87; Phase 3: 1507.67; Phase 4: 1511.64; Phase 5: 1516.74
ISPY2_862244,0,3,36,1578.410888671875,107.41197111387145,219.96180796527074,global,Phase 0: 518.84; Phase 1: 1388.42; Phase 2: 1558.52; Phase 3: 1578.41; Phase 4: 1562.83; Phase 5: 1562.01
ISPY2_863161,0,2,87,548.4292602539062,107.41197111387145,219.96180796527074,global,Phase 0: 184.81; Phase 1: 510.26; Phase 2: 548.43; Phase 3: 523.01; Phase 4: 501.49; Phase 5: 487.23
ISPY2_865416,0,2,77,1008.6905517578125,107.41197111387145,219.96180796527074,global,Phase 0: 294.51; Phase 1: 773.60; Phase 2: 1008.69; Phase 3: 964.09; Phase 4: 959.57; Phase 5: 907.01
ISPY2_866660,0,2,53,770.1573486328125,107.41197111387145,219.96180796527074,global,Phase 0: 334.25; Phase 1: 707.34; Phase 2: 770.16; Phase 3: 766.65; Phase 4: 750.75; Phase 5: 763.96
ISPY2_870077,0,5,21,1012.2862548828125,107.41197111387145,219.96180796527074,global,Phase 0: 556.80; Phase 1: 949.58; Phase 2: 959.72; Phase 3: 1004.47; Phase 4: 987.19; Phase 5: 1012.29
ISPY2_872188,0,2,29,1519.173583984375,107.41197111387145,219.96180796527074,global,Phase 0: 760.93; Phase 1: 1461.30; Phase 2: 1519.17; Phase 3: 1298.06; Phase 4: 1296.17; Phase 5: 1317.35
ISPY2_873686,0,5,114,1535.043701171875,107.41197111387145,219.96180796527074,global,Phase 0: 756.91; Phase 1: 875.47; Phase 2: 1498.81; Phase 3: 1533.12; Phase 4: 1534.78; Phase 5: 1535.04
ISPY2_875089,0,2,56,1268.1099853515625,107.41197111387145,219.96180796527074,global,Phase 0: 472.14; Phase 1: 1182.92; Phase 2: 1268.11; Phase 3: 1261.22; Phase 4: 1243.41; Phase 5: 1203.99
ISPY2_876511,0,5,72,845.308349609375,107.41197111387145,219.96180796527074,global,Phase 0: 365.39; Phase 1: 410.50; Phase 2: 805.75; Phase 3: 833.76; Phase 4: 838.15; Phase 5: 845.31
ISPY2_877463,0,2,94,453.4829406738281,107.41197111387145,219.96180796527074,global,Phase 0: 189.94; Phase 1: 394.71; Phase 2: 453.48; Phase 3: 451.26; Phase 4: 447.54; Phase 5: 441.17
ISPY2_879224,0,3,89,1026.120361328125,107.41197111387145,219.96180796527074,global,Phase 0: 342.82; Phase 1: 922.94; Phase 2: 1023.33; Phase 3: 1026.12; Phase 4: 987.53; Phase 5: 933.03
ISPY2_882538,0,2,56,530.224853515625,107.41197111387145,219.96180796527074,global,Phase 0: 146.25; Phase 1: 441.13; Phase 2: 530.22; Phase 3: 528.97; Phase 4: 524.91; Phase 5: 513.74
ISPY2_882553,0,4,41,325.10125732421875,107.41197111387145,219.96180796527074,global,Phase 0: 144.06; Phase 1: 264.55; Phase 2: 314.06; Phase 3: 322.45; Phase 4: 325.10; Phase 5: 324.90
ISPY2_883696,0,3,52,1370.408447265625,107.41197111387145,219.96180796527074,global,Phase 0: 739.68; Phase 1: 1342.01; Phase 2: 1347.01; Phase 3: 1370.41; Phase 4: 1256.52; Phase 5: 1251.08
ISPY2_883886,0,3,59,460.7885437011719,107.41197111387145,219.96180796527074,global,Phase 0: 196.12; Phase 1: 197.76; Phase 2: 423.83; Phase 3: 460.79; Phase 4: 451.59; Phase 5: 439.51
ISPY2_884011,0,3,46,488.91790771484375,107.41197111387145,219.96180796527074,global,Phase 0: 243.00; Phase 1: 442.57; Phase 2: 484.89; Phase 3: 488.92; Phase 4: 483.89; Phase 5: 478.22
ISPY2_884266,0,3,40,3856.739013671875,107.41197111387145,219.96180796527074,global,Phase 0: 1507.02; Phase 1: 3086.33; Phase 2: 3702.40; Phase 3: 3856.74; Phase 4: 3817.85; Phase 5: 3839.08
ISPY2_885590,0,3,81,438.28564453125,107.41197111387145,219.96180796527074,global,Phase 0: 239.25; Phase 1: 365.26; Phase 2: 433.80; Phase 3: 438.29; Phase 4: 433.22; Phase 5: 422.17
ISPY2_885871,0,5,55,1481.1754150390625,107.41197111387145,219.96180796527074,global,Phase 0: 654.51; Phase 1: 1305.60; Phase 2: 1442.32; Phase 3: 1473.64; Phase 4: 1477.63; Phase 5: 1481.18
ISPY2_887594,0,3,92,376.23590087890625,107.41197111387145,219.96180796527074,global,Phase 0: 165.27; Phase 1: 324.18; Phase 2: 375.41; Phase 3: 376.24; Phase 4: 374.23; Phase 5: 371.56
ISPY2_889049,0,3,89,2834.692138671875,107.41197111387145,219.96180796527074,global,Phase 0: 1141.59; Phase 1: 2724.29; Phase 2: 2781.58; Phase 3: 2834.69; Phase 4: 2772.37; Phase 5: 2696.79
ISPY2_889225,0,3,83,457.474853515625,107.41197111387145,219.96180796527074,global,Phase 0: 264.18; Phase 1: 378.37; Phase 2: 436.48; Phase 3: 457.47; Phase 4: 449.78; Phase 5: 381.15
ISPY2_889721,0,2,32,316.56756591796875,107.41197111387145,219.96180796527074,global,Phase 0: 102.12; Phase 1: 249.84; Phase 2: 316.57; Phase 3: 306.84; Phase 4: 297.49; Phase 5: 286.79
ISPY2_890372,0,3,54,758.6046752929688,107.41197111387145,219.96180796527074,global,Phase 0: 388.15; Phase 1: 649.95; Phase 2: 706.62; Phase 3: 758.60; Phase 4: 747.32; Phase 5: 725.42
ISPY2_890414,0,5,64,2618.84033203125,107.41197111387145,219.96180796527074,global,Phase 0: 1300.21; Phase 1: 2046.29; Phase 2: 2405.88; Phase 3: 2522.81; Phase 4: 2588.62; Phase 5: 2618.84
ISPY2_891645,0,2,93,3394.89892578125,107.41197111387145,219.96180796527074,global,Phase 0: 1246.78; Phase 1: 3193.52; Phase 2: 3394.90; Phase 3: 3349.25; Phase 4: 3300.04; Phase 5: 3252.02
ISPY2_892390,0,3,63,957.7013549804688,107.41197111387145,219.96180796527074,global,Phase 0: 385.16; Phase 1: 872.40; Phase 2: 947.04; Phase 3: 957.70; Phase 4: 950.81; Phase 5: 952.25
ISPY2_893874,0,2,38,1330.9559326171875,107.41197111387145,219.96180796527074,global,Phase 0: 579.98; Phase 1: 1284.89; Phase 2: 1330.96; Phase 3: 1328.60; Phase 4: 1254.94; Phase 5: 1223.93
ISPY2_894128,0,2,76,4380.5732421875,107.41197111387145,219.96180796527074,global,Phase 0: 1387.68; Phase 1: 4110.71; Phase 2: 4380.57; Phase 3: 4309.41; Phase 4: 4243.39; Phase 5: 4155.25
ISPY2_894491,0,3,45,563.474609375,107.41197111387145,219.96180796527074,global,Phase 0: 244.61; Phase 1: 433.87; Phase 2: 555.04; Phase 3: 563.47; Phase 4: 560.15; Phase 5: 553.39
ISPY2_894673,0,2,78,548.4531860351562,107.41197111387145,219.96180796527074,global,Phase 0: 198.36; Phase 1: 439.44; Phase 2: 548.45; Phase 3: 545.60; Phase 4: 530.27; Phase 5: 518.33
ISPY2_895653,0,4,46,1032.4215087890625,107.41197111387145,219.96180796527074,global,Phase 0: 547.19; Phase 1: 933.10; Phase 2: 997.47; Phase 3: 1014.48; Phase 4: 1032.42; Phase 5: 1025.40
ISPY2_896621,0,2,72,544.3923950195312,107.41197111387145,219.96180796527074,global,Phase 0: 221.36; Phase 1: 400.66; Phase 2: 544.39; Phase 3: 533.95; Phase 4: 512.54; Phase 5: 523.48
ISPY2_896852,0,4,41,690.5519409179688,107.41197111387145,219.96180796527074,global,Phase 0: 341.39; Phase 1: 565.55; Phase 2: 663.16; Phase 3: 687.50; Phase 4: 690.55; Phase 5: 686.90
ISPY2_896939,0,4,90,882.2813110351562,107.41197111387145,219.96180796527074,global,Phase 0: 390.87; Phase 1: 761.98; Phase 2: 851.84; Phase 3: 879.87; Phase 4: 882.28; Phase 5: 877.67
ISPY2_898618,0,5,35,1212.6949462890625,107.41197111387145,219.96180796527074,global,Phase 0: 475.77; Phase 1: 829.14; Phase 2: 1020.55; Phase 3: 1118.75; Phase 4: 1184.24; Phase 5: 1212.69
ISPY2_899381,0,2,27,386.7696533203125,107.41197111387145,219.96180796527074,global,Phase 0: 174.72; Phase 1: 371.98; Phase 2: 386.77; Phase 3: 380.67; Phase 4: 374.18; Phase 5: 367.03
ISPY2_899692,0,5,32,724.74658203125,107.41197111387145,219.96180796527074,global,Phase 0: 378.37; Phase 1: 640.12; Phase 2: 713.63; Phase 3: 702.46; Phase 4: 721.30; Phase 5: 724.75
ISPY2_900959,0,5,80,2769.38623046875,107.41197111387145,219.96180796527074,global,Phase 0: 1557.26; Phase 1: 2363.93; Phase 2: 2630.38; Phase 3: 2730.63; Phase 4: 2766.11; Phase 5: 2769.39
ISPY2_901705,0,5,69,2609.51318359375,107.41197111387145,219.96180796527074,global,Phase 0: 1170.96; Phase 1: 2074.10; Phase 2: 2445.40; Phase 3: 2535.04; Phase 4: 2580.86; Phase 5: 2609.51
ISPY2_903880,0,2,18,1627.8489990234375,107.41197111387145,219.96180796527074,global,Phase 0: 784.53; Phase 1: 1541.15; Phase 2: 1627.85; Phase 3: 1605.69; Phase 4: 1559.69; Phase 5: 1554.80
ISPY2_904269,0,2,53,437.1106262207031,107.41197111387145,219.96180796527074,global,Phase 0: 211.37; Phase 1: 328.92; Phase 2: 437.11; Phase 3: 432.24; Phase 4: 423.31; Phase 5: 416.30
ISPY2_905264,0,2,44,2068.46484375,107.41197111387145,219.96180796527074,global,Phase 0: 1086.22; Phase 1: 2008.63; Phase 2: 2068.46; Phase 3: 2031.47; Phase 4: 1989.65; Phase 5: 1938.72
ISPY2_906042,0,3,87,550.4783935546875,107.41197111387145,219.96180796527074,global,Phase 0: 149.12; Phase 1: 146.59; Phase 2: 516.98; Phase 3: 550.48; Phase 4: 541.18; Phase 5: 524.41
ISPY2_906795,0,3,61,1022.7891235351562,107.41197111387145,219.96180796527074,global,Phase 0: 473.34; Phase 1: 756.74; Phase 2: 989.80; Phase 3: 1022.79; Phase 4: 998.62; Phase 5: 974.02
ISPY2_910188,0,2,122,391.9221496582031,107.41197111387145,219.96180796527074,global,Phase 0: 134.75; Phase 1: 322.26; Phase 2: 391.92; Phase 3: 378.54; Phase 4: 370.64; Phase 5: 357.50
ISPY2_910706,0,5,38,318.58673095703125,107.41197111387145,219.96180796527074,global,Phase 0: 128.68; Phase 1: 218.79; Phase 2: 294.87; Phase 3: 310.74; Phase 4: 317.76; Phase 5: 318.59
ISPY2_912836,0,3,53,480.52215576171875,107.41197111387145,219.96180796527074,global,Phase 0: 255.21; Phase 1: 477.96; Phase 2: 477.68; Phase 3: 480.52; Phase 4: 474.70; Phase 5: 466.73
ISPY2_913225,0,2,37,688.8050537109375,107.41197111387145,219.96180796527074,global,Phase 0: 290.89; Phase 1: 639.33; Phase 2: 688.81; Phase 3: 685.01; Phase 4: 675.69; Phase 5: 660.70
ISPY2_913527,0,4,41,578.0214233398438,107.41197111387145,219.96180796527074,global,Phase 0: 260.09; Phase 1: 481.81; Phase 2: 566.34; Phase 3: 576.23; Phase 4: 578.02; Phase 5: 570.87
ISPY2_914968,0,2,57,2125.4130859375,107.41197111387145,219.96180796527074,global,Phase 0: 1005.74; Phase 1: 1675.95; Phase 2: 2125.41; Phase 3: 2084.25; Phase 4: 2022.95; Phase 5: 1882.34
ISPY2_916586,0,3,59,398.348388671875,107.41197111387145,219.96180796527074,global,Phase 0: 186.56; Phase 1: 331.17; Phase 2: 393.71; Phase 3: 398.35; Phase 4: 397.61; Phase 5: 390.52
ISPY2_916645,0,2,21,352.8631896972656,107.41197111387145,219.96180796527074,global,Phase 0: 189.82; Phase 1: 352.14; Phase 2: 352.86; Phase 3: 350.79; Phase 4: 346.70; Phase 5: 344.40
ISPY2_917762,0,3,33,1681.291748046875,107.41197111387145,219.96180796527074,global,Phase 0: 647.29; Phase 1: 1554.14; Phase 2: 1658.96; Phase 3: 1681.29; Phase 4: 1617.18; Phase 5: 1500.86
ISPY2_918979,0,5,57,1072.6402587890625,107.41197111387145,219.96180796527074,global,Phase 0: 622.95; Phase 1: 694.70; Phase 2: 999.90; Phase 3: 1034.35; Phase 4: 1048.41; Phase 5: 1072.64
ISPY2_920479,0,2,54,315.82061767578125,107.41197111387145,219.96180796527074,global,Phase 0: 118.83; Phase 1: 295.91; Phase 2: 315.82; Phase 3: 310.76; Phase 4: 294.81; Phase 5: 290.61
ISPY2_922872,0,4,19,990.2557373046875,107.41197111387145,219.96180796527074,global,Phase 0: 383.85; Phase 1: 818.71; Phase 2: 916.46; Phase 3: 946.81; Phase 4: 990.26; Phase 5: 968.73
ISPY2_923968,0,2,64,483.7953186035156,107.41197111387145,219.96180796527074,global,Phase 0: 188.71; Phase 1: 409.55; Phase 2: 483.80; Phase 3: 476.92; Phase 4: 472.60; Phase 5: 461.87
ISPY2_924071,0,4,13,986.4957885742188,107.41197111387145,219.96180796527074,global,Phase 0: 565.63; Phase 1: 918.86; Phase 2: 968.25; Phase 3: 984.75; Phase 4: 986.50; Phase 5: 983.23
ISPY2_924812,0,3,47,1992.046875,107.41197111387145,219.96180796527074,global,Phase 0: 945.01; Phase 1: 1830.99; Phase 2: 1961.77; Phase 3: 1992.05; Phase 4: 1988.86; Phase 5: 1965.11
ISPY2_924868,0,2,43,424.8966369628906,107.41197111387145,219.96180796527074,global,Phase 0: 126.14; Phase 1: 324.68; Phase 2: 424.90; Phase 3: 423.29; Phase 4: 410.97; Phase 5: 397.46
ISPY2_924895,0,5,41,2044.757080078125,107.41197111387145,219.96180796527074,global,Phase 0: 722.22; Phase 1: 1737.81; Phase 2: 1983.80; Phase 3: 2005.41; Phase 4: 2043.09; Phase 5: 2044.76
ISPY2_925691,0,3,37,1624.619384765625,107.41197111387145,219.96180796527074,global,Phase 0: 535.79; Phase 1: 1399.05; Phase 2: 1562.29; Phase 3: 1624.62; Phase 4: 1550.05; Phase 5: 1601.19
ISPY2_928170,0,5,19,966.0034790039062,107.41197111387145,219.96180796527074,global,Phase 0: 496.73; Phase 1: 818.32; Phase 2: 928.65; Phase 3: 963.52; Phase 4: 963.53; Phase 5: 966.00
ISPY2_928446,0,4,81,1778.60693359375,107.41197111387145,219.96180796527074,global,Phase 0: 1037.98; Phase 1: 1163.80; Phase 2: 1742.90; Phase 3: 1770.62; Phase 4: 1778.61; Phase 5: 1774.84
ISPY2_928815,0,4,53,416.064453125,107.41197111387145,219.96180796527074,global,Phase 0: 302.20; Phase 1: 390.38; Phase 2: 407.18; Phase 3: 414.41; Phase 4: 416.06; Phase 5: 401.46
ISPY2_929391,0,4,37,1070.931884765625,107.41197111387145,219.96180796527074,global,Phase 0: 567.69; Phase 1: 968.36; Phase 2: 1036.71; Phase 3: 1056.00; Phase 4: 1070.93; Phase 5: 1036.93
ISPY2_929980,0,4,24,955.4812622070312,107.41197111387145,219.96180796527074,global,Phase 0: 483.46; Phase 1: 789.23; Phase 2: 917.87; Phase 3: 943.37; Phase 4: 955.48; Phase 5: 942.52
ISPY2_930172,0,4,71,2342.999267578125,107.41197111387145,219.96180796527074,global,Phase 0: 1205.59; Phase 1: 2066.36; Phase 2: 2320.29; Phase 3: 2338.34; Phase 4: 2343.00
ISPY2_930853,0,5,32,515.5531616210938,107.41197111387145,219.96180796527074,global,Phase 0: 394.06; Phase 1: 417.22; Phase 2: 469.60; Phase 3: 491.95; Phase 4: 506.61; Phase 5: 515.55
ISPY2_930903,0,5,77,3141.355712890625,107.41197111387145,219.96180796527074,global,Phase 0: 1614.69; Phase 1: 2585.86; Phase 2: 2907.60; Phase 3: 2978.26; Phase 4: 3083.40; Phase 5: 3141.36
ISPY2_932200,0,2,40,708.3822631835938,107.41197111387145,219.96180796527074,global,Phase 0: 292.72; Phase 1: 666.77; Phase 2: 708.38; Phase 3: 684.61; Phase 4: 651.31; Phase 5: 641.11
ISPY2_934459,0,2,42,369.4413757324219,107.41197111387145,219.96180796527074,global,Phase 0: 152.34; Phase 1: 305.27; Phase 2: 369.44; Phase 3: 361.40; Phase 4: 358.52; Phase 5: 339.34
ISPY2_934906,0,3,52,231.67333984375,107.41197111387145,219.96180796527074,global,Phase 0: 109.98; Phase 1: 211.84; Phase 2: 230.97; Phase 3: 231.67; Phase 4: 231.32; Phase 5: 229.12
ISPY2_935460,0,4,29,373.88232421875,107.41197111387145,219.96180796527074,global,Phase 0: 135.68; Phase 1: 297.46; Phase 2: 351.54; Phase 3: 364.11; Phase 4: 373.88; Phase 5: 370.86
ISPY2_938719,0,3,31,2183.336669921875,107.41197111387145,219.96180796527074,global,Phase 0: 1014.21; Phase 1: 1931.54; Phase 2: 2174.80; Phase 3: 2183.34; Phase 4: 2181.61; Phase 5: 2133.25
ISPY2_940186,0,4,48,984.663818359375,107.41197111387145,219.96180796527074,global,Phase 0: 530.35; Phase 1: 844.72; Phase 2: 950.51; Phase 3: 977.78; Phase 4: 984.66; Phase 5: 952.78
ISPY2_941191,0,2,67,2280.260009765625,107.41197111387145,219.96180796527074,global,Phase 0: 973.57; Phase 1: 2120.09; Phase 2: 2280.26; Phase 3: 2279.51; Phase 4: 2216.49; Phase 5: 2222.47
ISPY2_941926,0,3,48,3878.48095703125,107.41197111387145,219.96180796527074,global,Phase 0: 1697.11; Phase 1: 3274.90; Phase 2: 3822.74; Phase 3: 3878.48; Phase 4: 3842.09; Phase 5: 3804.61
ISPY2_942017,0,2,30,1907.6302490234375,107.41197111387145,219.96180796527074,global,Phase 0: 649.41; Phase 1: 1716.03; Phase 2: 1907.63; Phase 3: 1818.60; Phase 4: 1750.91; Phase 5: 1782.46
ISPY2_943633,0,3,56,910.2552490234375,107.41197111387145,219.96180796527074,global,Phase 0: 507.55; Phase 1: 847.02; Phase 2: 898.55; Phase 3: 910.26; Phase 4: 902.69; Phase 5: 879.09
ISPY2_943879,0,2,52,3365.596435546875,107.41197111387145,219.96180796527074,global,Phase 0: 1350.99; Phase 1: 3001.65; Phase 2: 3365.60; Phase 3: 3318.40; Phase 4: 3229.35; Phase 5: 3107.88
ISPY2_944419,0,5,47,330.22137451171875,107.41197111387145,219.96180796527074,global,Phase 0: 184.24; Phase 1: 184.71; Phase 2: 274.41; Phase 3: 305.56; Phase 4: 320.91; Phase 5: 330.22
ISPY2_944536,0,2,30,359.386474609375,107.41197111387145,219.96180796527074,global,Phase 0: 173.39; Phase 1: 331.35; Phase 2: 359.39; Phase 3: 354.18; Phase 4: 344.89; Phase 5: 353.95
ISPY2_946927,0,3,25,669.2081909179688,107.41197111387145,219.96180796527074,global,Phase 0: 352.01; Phase 1: 532.49; Phase 2: 640.73; Phase 3: 669.21; Phase 4: 666.58; Phase 5: 667.62
ISPY2_947398,0,2,24,482.9736328125,107.41197111387145,219.96180796527074,global,Phase 0: 228.06; Phase 1: 437.24; Phase 2: 482.97; Phase 3: 478.94; Phase 4: 472.68; Phase 5: 464.02
ISPY2_949444,0,5,38,813.6978149414062,107.41197111387145,219.96180796527074,global,Phase 0: 397.50; Phase 1: 602.96; Phase 2: 724.20; Phase 3: 771.90; Phase 4: 800.51; Phase 5: 813.70
ISPY2_950131,0,5,30,264.8026123046875,107.41197111387145,219.96180796527074,global,Phase 0: 120.37; Phase 1: 185.28; Phase 2: 227.87; Phase 3: 244.78; Phase 4: 259.89; Phase 5: 264.80
ISPY2_950742,0,3,55,3976.70361328125,107.41197111387145,219.96180796527074,global,Phase 0: 1631.67; Phase 1: 3329.89; Phase 2: 3901.64; Phase 3: 3976.70; Phase 4: 3938.64; Phase 5: 3914.38
ISPY2_953262,0,2,97,637.0359497070312,107.41197111387145,219.96180796527074,global,Phase 0: 261.83; Phase 1: 555.84; Phase 2: 637.04; Phase 3: 607.50; Phase 4: 576.02; Phase 5: 560.54
ISPY2_953885,0,2,53,2471.766845703125,107.41197111387145,219.96180796527074,global,Phase 0: 1116.14; Phase 1: 2370.35; Phase 2: 2471.77; Phase 3: 2454.84; Phase 4: 2382.15; Phase 5: 2353.74
ISPY2_955035,0,5,48,1087.75732421875,107.41197111387145,219.96180796527074,global,Phase 0: 543.13; Phase 1: 947.90; Phase 2: 1080.13; Phase 3: 1083.86; Phase 4: 1085.33; Phase 5: 1087.76
ISPY2_955953,0,2,57,410.9173583984375,107.41197111387145,219.96180796527074,global,Phase 0: 212.28; Phase 1: 372.64; Phase 2: 410.92; Phase 3: 408.09; Phase 4: 400.57; Phase 5: 392.28
ISPY2_957408,0,5,46,1200.315185546875,107.41197111387145,219.96180796527074,global,Phase 0: 645.94; Phase 1: 1003.37; Phase 2: 1127.25; Phase 3: 1159.75; Phase 4: 1188.26; Phase 5: 1200.32
ISPY2_959366,0,2,109,558.06396484375,107.41197111387145,219.96180796527074,global,Phase 0: 260.78; Phase 1: 502.96; Phase 2: 558.06; Phase 3: 537.81; Phase 4: 520.94; Phase 5: 511.09
ISPY2_960029,0,4,26,607.8936157226562,107.41197111387145,219.96180796527074,global,Phase 0: 330.98; Phase 1: 516.18; Phase 2: 603.35; Phase 3: 596.26; Phase 4: 607.89; Phase 5: 600.52
ISPY2_960490,0,4,79,680.7517700195312,107.41197111387145,219.96180796527074,global,Phase 0: 207.91; Phase 1: 543.45; Phase 2: 670.83; Phase 3: 670.32; Phase 4: 680.75; Phase 5: 665.11
ISPY2_960963,0,2,38,1853.9918212890625,107.41197111387145,219.96180796527074,global,Phase 0: 505.46; Phase 1: 1703.26; Phase 2: 1853.99; Phase 3: 1818.13; Phase 4: 1783.48; Phase 5: 1767.77
ISPY2_962153,0,5,61,2659.224853515625,107.41197111387145,219.96180796527074,global,Phase 0: 1060.12; Phase 1: 1753.27; Phase 2: 2387.43; Phase 3: 2564.72; Phase 4: 2640.15; Phase 5: 2659.22
ISPY2_962472,0,2,28,745.8300170898438,107.41197111387145,219.96180796527074,global,Phase 0: 317.10; Phase 1: 723.22; Phase 2: 745.83; Phase 3: 744.34; Phase 4: 733.47; Phase 5: 718.12
ISPY2_962664,0,3,55,1805.014892578125,107.41197111387145,219.96180796527074,global,Phase 0: 871.18; Phase 1: 1649.04; Phase 2: 1776.82; Phase 3: 1805.01; Phase 4: 1794.48; Phase 5: 1751.33
ISPY2_962827,0,2,71,2208.47705078125,107.41197111387145,219.96180796527074,global,Phase 0: 1058.47; Phase 1: 2074.23; Phase 2: 2208.48; Phase 3: 2202.31; Phase 4: 2184.45; Phase 5: 2140.24
ISPY2_963303,0,5,55,532.377685546875,107.41197111387145,219.96180796527074,global,Phase 0: 260.65; Phase 1: 355.64; Phase 2: 452.39; Phase 3: 498.69; Phase 4: 518.11; Phase 5: 532.38
ISPY2_963604,0,3,48,995.8577270507812,107.41197111387145,219.96180796527074,global,Phase 0: 523.37; Phase 1: 826.42; Phase 2: 960.51; Phase 3: 995.86; Phase 4: 973.22; Phase 5: 964.99
ISPY2_965265,0,2,54,81.04409790039062,107.41197111387145,219.96180796527074,global,Phase 0: 35.59; Phase 1: 74.91; Phase 2: 81.04; Phase 3: 78.30; Phase 4: 76.16; Phase 5: 75.54
ISPY2_966016,0,3,22,1586.8446044921875,107.41197111387145,219.96180796527074,global,Phase 0: 652.79; Phase 1: 1282.95; Phase 2: 1549.07; Phase 3: 1586.84; Phase 4: 1568.56; Phase 5: 1485.95
ISPY2_970839,0,3,51,886.503173828125,107.41197111387145,219.96180796527074,global,Phase 0: 431.92; Phase 1: 780.64; Phase 2: 870.54; Phase 3: 886.50; Phase 4: 883.59; Phase 5: 882.84
ISPY2_971492,0,5,26,3728.150390625,107.41197111387145,219.96180796527074,global,Phase 0: 1817.99; Phase 1: 2960.41; Phase 2: 3514.25; Phase 3: 3725.07; Phase 4: 3711.26; Phase 5: 3728.15
ISPY2_972307,0,5,40,2382.5390625,107.41197111387145,219.96180796527074,global,Phase 0: 1192.53; Phase 1: 1907.97; Phase 2: 2203.48; Phase 3: 2309.36; Phase 4: 2343.66; Phase 5: 2382.54
ISPY2_973837,0,2,87,1331.0367431640625,107.41197111387145,219.96180796527074,global,Phase 0: 689.43; Phase 1: 732.60; Phase 2: 1331.04; Phase 3: 1330.05; Phase 4: 1310.13; Phase 5: 1318.43
ISPY2_974181,0,2,109,524.7919311523438,107.41197111387145,219.96180796527074,global,Phase 0: 214.60; Phase 1: 470.11; Phase 2: 524.79; Phase 3: 505.82; Phase 4: 494.29; Phase 5: 481.66
ISPY2_974618,0,4,42,1903.7611083984375,107.41197111387145,219.96180796527074,global,Phase 0: 806.28; Phase 1: 1532.33; Phase 2: 1755.92; Phase 3: 1855.57; Phase 4: 1903.76; Phase 5: 1819.37
ISPY2_981461,0,2,77,2009.1390380859375,107.41197111387145,219.96180796527074,global,Phase 0: 722.90; Phase 1: 1266.89; Phase 2: 2009.14; Phase 3: 2003.12; Phase 4: 1960.05; Phase 5: 1884.36
ISPY2_981664,0,5,104,1951.37451171875,107.41197111387145,219.96180796527074,global,Phase 0: 1145.07; Phase 1: 1198.86; Phase 2: 1592.92; Phase 3: 1766.13; Phase 4: 1867.07; Phase 5: 1951.37
ISPY2_982086,0,5,55,632.5533447265625,107.41197111387145,219.96180796527074,global,Phase 0: 297.36; Phase 1: 498.51; Phase 2: 587.81; Phase 3: 612.04; Phase 4: 628.31; Phase 5: 632.55
ISPY2_982505,0,2,74,336.057373046875,107.41197111387145,219.96180796527074,global,Phase 0: 158.91; Phase 1: 331.11; Phase 2: 336.06; Phase 3: 326.45; Phase 4: 311.72; Phase 5: 299.45
ISPY2_983841,0,2,61,4174.46630859375,107.41197111387145,219.96180796527074,global,Phase 0: 1794.36; Phase 1: 4034.72; Phase 2: 4174.47; Phase 3: 4122.17; Phase 4: 4068.57; Phase 5: 4033.35
ISPY2_986734,0,3,82,1856.4005126953125,107.41197111387145,219.96180796527074,global,Phase 0: 752.87; Phase 1: 1221.07; Phase 2: 1834.48; Phase 3: 1856.40; Phase 4: 1854.75; Phase 5: 1839.21
ISPY2_987728,0,4,22,491.45709228515625,107.41197111387145,219.96180796527074,global,Phase 0: 236.80; Phase 1: 433.32; Phase 2: 482.93; Phase 3: 482.87; Phase 4: 491.46; Phase 5: 484.74
ISPY2_987914,0,3,40,704.4987182617188,107.41197111387145,219.96180796527074,global,Phase 0: 384.18; Phase 1: 621.55; Phase 2: 702.75; Phase 3: 704.50; Phase 4: 696.69; Phase 5: 703.15
ISPY2_987995,0,5,77,1456.9156494140625,107.41197111387145,219.96180796527074,global,Phase 0: 620.43; Phase 1: 745.87; Phase 2: 1227.41; Phase 3: 1364.64; Phase 4: 1429.20; Phase 5: 1456.92
ISPY2_988443,0,5,42,1347.4718017578125,107.41197111387145,219.96180796527074,global,Phase 0: 699.04; Phase 1: 1073.72; Phase 2: 1233.15; Phase 3: 1296.93; Phase 4: 1344.12; Phase 5: 1347.47
ISPY2_988665,0,5,32,1546.62841796875,107.41197111387145,219.96180796527074,global,Phase 0: 694.87; Phase 1: 947.64; Phase 2: 1307.72; Phase 3: 1440.84; Phase 4: 1479.48; Phase 5: 1546.63
ISPY2_990443,0,5,56,377.54949951171875,107.41197111387145,219.96180796527074,global,Phase 0: 180.81; Phase 1: 247.37; Phase 2: 334.06; Phase 3: 359.92; Phase 4: 372.04; Phase 5: 377.55
ISPY2_991818,0,2,59,2740.0009765625,107.41197111387145,219.96180796527074,global,Phase 0: 943.33; Phase 1: 2521.66; Phase 2: 2740.00; Phase 3: 2737.95; Phase 4: 2700.89; Phase 5: 2736.78
ISPY2_992609,0,3,31,3215.5234375,107.41197111387145,219.96180796527074,global,Phase 0: 1142.25; Phase 1: 3019.30; Phase 2: 3207.67; Phase 3: 3215.52; Phase 4: 3151.79; Phase 5: 3072.04
ISPY2_994987,0,2,40,1000.322021484375,107.41197111387145,219.96180796527074,global,Phase 0: 539.68; Phase 1: 903.96; Phase 2: 1000.32; Phase 3: 986.79; Phase 4: 933.17; Phase 5: 966.08
ISPY2_995480,0,2,37,405.09210205078125,107.41197111387145,219.96180796527074,global,Phase 0: 144.49; Phase 1: 390.52; Phase 2: 405.09; Phase 3: 398.24; Phase 4: 400.24; Phase 5: 391.46
ISPY2_997702,0,5,97,2430.9580078125,107.41197111387145,219.96180796527074,global,Phase 0: 1204.62; Phase 1: 2050.31; Phase 2: 2324.55; Phase 3: 2378.12; Phase 4: 2423.55; Phase 5: 2430.96
ISPY2_999264,0,2,21,1245.234375,107.41197111387145,219.96180796527074,global,Phase 0: 422.24; Phase 1: 1139.44; Phase 2: 1245.23; Phase 3: 1202.46; Phase 4: 1185.34; Phase 5: 1192.22
ISPY2_999733,0,4,23,1244.9471435546875,107.41197111387145,219.96180796527074,global,Phase 0: 493.50; Phase 1: 633.87; Phase 2: 1046.80; Phase 3: 1172.96; Phase 4: 1244.95; Phase 5: 1223.85
NACT_01,0,2,19,115.14937591552734,107.41197111387145,219.96180796527074,global,Phase 0: 48.49; Phase 1: 99.73; Phase 2: 115.15
NACT_02,0,2,32,135.5680694580078,107.41197111387145,219.96180796527074,global,Phase 0: 66.44; Phase 1: 128.17; Phase 2: 135.57
NACT_03,0,2,19,196.56265258789062,107.41197111387145,219.96180796527074,global,Phase 0: 104.14; Phase 1: 186.55; Phase 2: 196.56
NACT_04,0,2,25,117.7278060913086,107.41197111387145,219.96180796527074,global,Phase 0: 50.07; Phase 1: 117.37; Phase 2: 117.73
NACT_06,0,1,27,115.44862365722656,107.41197111387145,219.96180796527074,global,Phase 0: 55.47; Phase 1: 115.45; Phase 2: 112.82
NACT_07,0,1,44,132.30885314941406,107.41197111387145,219.96180796527074,global,Phase 0: 68.70; Phase 1: 132.31; Phase 2: 129.42
NACT_08,0,2,21,128.64149475097656,107.41197111387145,219.96180796527074,global,Phase 0: 56.99; Phase 1: 105.97; Phase 2: 128.64
NACT_09,0,1,24,1615.8953857421875,107.41197111387145,219.96180796527074,global,Phase 0: 611.29; Phase 1: 1615.90; Phase 2: 1369.01
NACT_11,0,1,42,91.2583999633789,107.41197111387145,219.96180796527074,global,Phase 0: 44.30; Phase 1: 91.26; Phase 2: 89.34
NACT_12,0,2,15,147.4452667236328,107.41197111387145,219.96180796527074,global,Phase 0: 79.69; Phase 1: 129.43; Phase 2: 147.45
NACT_13,0,1,40,181.56227111816406,107.41197111387145,219.96180796527074,global,Phase 0: 87.86; Phase 1: 181.56; Phase 2: 178.10
NACT_14,0,2,22,164.46597290039062,107.41197111387145,219.96180796527074,global,Phase 0: 69.01; Phase 1: 159.64; Phase 2: 164.47
NACT_15,0,1,28,78.18254089355469,107.41197111387145,219.96180796527074,global,Phase 0: 33.61; Phase 1: 78.18; Phase 2: 69.29
NACT_17,0,2,14,74.39694213867188,107.41197111387145,219.96180796527074,global,Phase 0: 39.94; Phase 1: 71.40; Phase 2: 74.40
NACT_18,0,2,18,149.4358367919922,107.41197111387145,219.96180796527074,global,Phase 0: 48.30; Phase 1: 68.75; Phase 2: 149.44; Phase 3: 144.18
NACT_19,0,2,29,155.6706085205078,107.41197111387145,219.96180796527074,global,Phase 0: 73.61; Phase 1: 150.20; Phase 2: 155.67
NACT_20,0,1,29,216.60009765625,107.41197111387145,219.96180796527074,global,Phase 0: 100.49; Phase 1: 216.60; Phase 2: 212.58; Phase 3: 198.98
NACT_21,0,2,16,167.62002563476562,107.41197111387145,219.96180796527074,global,Phase 0: 83.91; Phase 1: 165.43; Phase 2: 167.62
NACT_22,0,1,41,127.40139770507812,107.41197111387145,219.96180796527074,global,Phase 0: 53.02; Phase 1: 127.40; Phase 2: 120.37
NACT_23,0,3,39,192.8591766357422,107.41197111387145,219.96180796527074,global,Phase 0: 97.35; Phase 1: 165.26; Phase 2: 186.41; Phase 3: 192.86
NACT_24,0,2,43,120.43378448486328,107.41197111387145,219.96180796527074,global,Phase 0: 50.91; Phase 1: 110.63; Phase 2: 120.43
NACT_25,0,2,22,206.29132080078125,107.41197111387145,219.96180796527074,global,Phase 0: 106.12; Phase 1: 205.94; Phase 2: 206.29
NACT_26,0,2,45,130.0377197265625,107.41197111387145,219.96180796527074,global,Phase 0: 59.06; Phase 1: 116.36; Phase 2: 130.04
NACT_27,0,2,38,131.32589721679688,107.41197111387145,219.96180796527074,global,Phase 0: 58.21; Phase 1: 128.78; Phase 2: 131.33
NACT_28,0,2,29,126.47440338134766,107.41197111387145,219.96180796527074,global,Phase 0: 50.14; Phase 1: 121.50; Phase 2: 126.47
NACT_29,0,2,36,75.3419189453125,107.41197111387145,219.96180796527074,global,Phase 0: 41.07; Phase 1: 73.94; Phase 2: 75.34
NACT_30,0,1,26,169.19915771484375,107.41197111387145,219.96180796527074,global,Phase 0: 80.86; Phase 1: 169.20; Phase 2: 167.79
NACT_31,0,2,31,161.03480529785156,107.41197111387145,219.96180796527074,global,Phase 0: 81.60; Phase 1: 160.22; Phase 2: 161.03
NACT_32,0,2,28,130.58331298828125,107.41197111387145,219.96180796527074,global,Phase 0: 67.73; Phase 1: 124.03; Phase 2: 130.58
NACT_33,0,2,44,115.22093963623047,107.41197111387145,219.96180796527074,global,Phase 0: 70.70; Phase 1: 98.71; Phase 2: 115.22
NACT_34,0,1,35,253.53662109375,107.41197111387145,219.96180796527074,global,Phase 0: 138.46; Phase 1: 253.54; Phase 2: 248.65
NACT_35,0,2,27,130.57118225097656,107.41197111387145,219.96180796527074,global,Phase 0: 63.39; Phase 1: 124.61; Phase 2: 130.57
NACT_36,0,3,28,141.45663452148438,107.41197111387145,219.96180796527074,global,Phase 0: 83.79; Phase 1: 131.53; Phase 2: 139.54; Phase 3: 141.46; Phase 4: 128.78
NACT_37,0,2,18,156.5609893798828,107.41197111387145,219.96180796527074,global,Phase 0: 71.25; Phase 1: 155.21; Phase 2: 156.56
NACT_39,0,2,42,176.02015686035156,107.41197111387145,219.96180796527074,global,Phase 0: 77.26; Phase 1: 174.90; Phase 2: 176.02
NACT_40,0,1,27,103.35701751708984,107.41197111387145,219.96180796527074,global,Phase 0: 51.34; Phase 1: 103.36; Phase 2: 103.20
NACT_41,0,1,44,150.58094787597656,107.41197111387145,219.96180796527074,global,Phase 0: 67.91; Phase 1: 150.58; Phase 2: 143.46
NACT_42,0,5,36,178.1020965576172,107.41197111387145,219.96180796527074,global,Phase 0: 88.27; Phase 1: 159.47; Phase 2: 171.53; Phase 3: 169.18; Phase 4: 173.24; Phase 5: 178.10
NACT_43,0,1,30,114.97376251220703,107.41197111387145,219.96180796527074,global,Phase 0: 63.09; Phase 1: 114.97; Phase 2: 112.76
NACT_44,0,1,18,175.61856079101562,107.41197111387145,219.96180796527074,global,Phase 0: 90.15; Phase 1: 175.62; Phase 2: 166.78
NACT_45,0,1,37,165.8417205810547,107.41197111387145,219.96180796527074,global,Phase 0: 74.61; Phase 1: 165.84; Phase 2: 155.09
NACT_46,0,1,23,146.33148193359375,107.41197111387145,219.96180796527074,global,Phase 0: 74.28; Phase 1: 146.33; Phase 2: 141.90
NACT_47,0,1,38,105.64408874511719,107.41197111387145,219.96180796527074,global,Phase 0: 46.51; Phase 1: 105.64; Phase 2: 100.40
NACT_48,0,2,39,237.85269165039062,107.41197111387145,219.96180796527074,global,Phase 0: 101.33; Phase 1: 226.17; Phase 2: 237.85
NACT_49,0,1,22,136.39556884765625,107.41197111387145,219.96180796527074,global,Phase 0: 57.45; Phase 1: 136.40; Phase 2: 131.90
NACT_50,0,1,30,123.62891387939453,107.41197111387145,219.96180796527074,global,Phase 0: 57.79; Phase 1: 123.63; Phase 2: 121.20
NACT_51,0,2,10,140.98370361328125,107.41197111387145,219.96180796527074,global,Phase 0: 75.32; Phase 1: 124.58; Phase 2: 140.98
NACT_52,0,2,28,230.8197784423828,107.41197111387145,219.96180796527074,global,Phase 0: 84.27; Phase 1: 229.24; Phase 2: 230.82
NACT_53,0,1,37,173.686767578125,107.41197111387145,219.96180796527074,global,Phase 0: 83.62; Phase 1: 173.69; Phase 2: 166.72
NACT_54,0,1,22,159.9792938232422,107.41197111387145,219.96180796527074,global,Phase 0: 68.61; Phase 1: 159.98; Phase 2: 159.68
NACT_55,0,1,43,160.02890014648438,107.41197111387145,219.96180796527074,global,Phase 0: 78.22; Phase 1: 160.03; Phase 2: 153.54
NACT_56,0,2,21,99.49176025390625,107.41197111387145,219.96180796527074,global,Phase 0: 42.71; Phase 1: 89.92; Phase 2: 99.49
NACT_57,0,2,33,165.72018432617188,107.41197111387145,219.96180796527074,global,Phase 0: 71.66; Phase 1: 165.19; Phase 2: 165.72
NACT_58,0,2,27,243.6807403564453,107.41197111387145,219.96180796527074,global,Phase 0: 116.81; Phase 1: 234.60; Phase 2: 243.68
NACT_59,0,2,30,135.20936584472656,107.41197111387145,219.96180796527074,global,Phase 0: 55.44; Phase 1: 132.69; Phase 2: 135.21
NACT_60,0,1,32,106.39379119873047,107.41197111387145,219.96180796527074,global,Phase 0: 52.56; Phase 1: 106.39; Phase 2: 105.80
NACT_61,0,1,23,146.54151916503906,107.41197111387145,219.96180796527074,global,Phase 0: 81.17; Phase 1: 146.54; Phase 2: 144.92
NACT_62,0,2,21,121.96546173095703,107.41197111387145,219.96180796527074,global,Phase 0: 54.96; Phase 1: 117.98; Phase 2: 121.97
NACT_63,0,1,25,84.61514282226562,107.41197111387145,219.96180796527074,global,Phase 0: 46.19; Phase 1: 84.62; Phase 2: 81.30
NACT_64,0,2,39,176.4947052001953,107.41197111387145,219.96180796527074,global,Phase 0: 86.06; Phase 1: 166.25; Phase 2: 176.49
NACT_65,0,2,27,92.65547180175781,107.41197111387145,219.96180796527074,global,Phase 0: 46.94; Phase 1: 89.74; Phase 2: 92.66
NACT_66,0,2,28,193.7224578857422,107.41197111387145,219.96180796527074,global,Phase 0: 83.20; Phase 1: 184.98; Phase 2: 193.72; Phase 3: 189.52
NACT_67,0,1,25,175.881103515625,107.41197111387145,219.96180796527074,global,Phase 0: 80.93; Phase 1: 175.88; Phase 2: 173.97
NACT_68,0,2,14,121.99869537353516,107.41197111387145,219.96180796527074,global,Phase 0: 54.54; Phase 1: 120.56; Phase 2: 122.00
YUNNAN_1,0,4,77,,,,,
YUNNAN_10,0,5,68,,,,,
YUNNAN_100,0,5,59,,,,,
YUNNAN_11,0,4,69,,,,,
YUNNAN_12,0,3,74,,,,,
YUNNAN_13,0,4,52,,,,,
YUNNAN_14,0,5,60,,,,,
YUNNAN_15,0,3,47,,,,,
YUNNAN_16,0,5,40,,,,,
YUNNAN_17,0,3,58,,,,,
YUNNAN_18,0,4,66,,,,,
YUNNAN_19,0,4,57,,,,,
YUNNAN_2,0,3,56,,,,,
YUNNAN_20,0,4,67,,,,,
YUNNAN_21,0,2,60,,,,,
YUNNAN_22,0,3,66,,,,,
YUNNAN_23,0,5,64,,,,,
YUNNAN_24,0,3,63,,,,,
YUNNAN_25,0,3,46,,,,,
YUNNAN_26,0,2,102,,,,,
YUNNAN_27,0,3,106,,,,,
YUNNAN_28,0,4,64,,,,,
YUNNAN_29,0,2,196,,,,,
YUNNAN_3,0,4,54,,,,,
YUNNAN_30,0,5,70,,,,,
YUNNAN_31,0,5,53,,,,,
YUNNAN_32,0,4,53,,,,,
YUNNAN_33,0,4,52,,,,,
YUNNAN_34,0,3,65,,,,,
YUNNAN_35,0,4,61,,,,,
YUNNAN_36,0,4,71,,,,,
YUNNAN_37,0,5,69,,,,,
YUNNAN_38,0,5,40,,,,,
YUNNAN_39,0,2,34,,,,,
YUNNAN_4,0,5,54,,,,,
YUNNAN_40,0,5,69,,,,,
YUNNAN_41,0,3,57,,,,,
YUNNAN_42,0,2,61,,,,,
YUNNAN_43,0,3,62,,,,,
YUNNAN_44,0,4,79,,,,,
YUNNAN_45,0,3,48,,,,,
YUNNAN_46,0,2,104,,,,,
YUNNAN_47,0,5,86,,,,,
YUNNAN_48,0,2,84,,,,,
YUNNAN_49,0,3,28,,,,,
YUNNAN_5,0,5,78,,,,,
YUNNAN_50,0,5,61,,,,,
YUNNAN_51,0,3,35,,,,,
YUNNAN_52,0,5,59,,,,,
YUNNAN_53,0,5,37,,,,,
YUNNAN_54,0,2,65,,,,,
YUNNAN_55,0,3,51,,,,,
YUNNAN_56,0,5,74,,,,,
YUNNAN_57,0,3,89,,,,,
YUNNAN_58,0,2,65,,,,,
YUNNAN_59,0,4,87,,,,,
YUNNAN_6,0,3,89,,,,,
YUNNAN_60,0,2,106,,,,,
YUNNAN_61,0,2,54,,,,,
YUNNAN_62,0,5,91,,,,,
YUNNAN_63,0,2,72,,,,,
YUNNAN_64,0,5,77,,,,,
YUNNAN_65,0,4,64,,,,,
YUNNAN_66,0,2,97,,,,,
YUNNAN_67,0,1,76,,,,,
YUNNAN_68,0,2,70,,,,,
YUNNAN_69,0,4,98,,,,,
YUNNAN_7,0,5,55,,,,,
YUNNAN_70,0,2,68,,,,,
YUNNAN_71,0,2,97,,,,,
YUNNAN_72,0,2,75,,,,,
YUNNAN_73,0,3,80,,,,,
YUNNAN_74,0,1,62,,,,,
YUNNAN_75,0,1,94,,,,,
YUNNAN_76,0,4,50,,,,,
YUNNAN_77,0,4,96,,,,,
YUNNAN_78,0,3,95,,,,,
YUNNAN_79,0,2,94,,,,,
YUNNAN_8,0,4,50,,,,,
YUNNAN_80,0,5,46,,,,,
YUNNAN_81,0,4,56,,,,,
YUNNAN_82,0,3,67,,,,,
YUNNAN_83,0,5,39,,,,,
YUNNAN_84,0,4,76,,,,,
YUNNAN_85,0,5,81,,,,,
YUNNAN_86,0,4,73,,,,,
YUNNAN_87,0,2,71,,,,,
YUNNAN_88,0,2,46,,,,,
YUNNAN_89,0,5,65,,,,,
YUNNAN_9,0,5,48,,,,,
YUNNAN_90,0,4,68,,,,,
YUNNAN_91,0,5,51,,,,,
YUNNAN_92,0,2,75,,,,,
YUNNAN_93,0,3,73,,,,,
YUNNAN_94,0,3,43,,,,,
YUNNAN_95,0,4,66,,,,,
YUNNAN_96,0,5,52,,,,,
YUNNAN_97,0,4,62,,,,,
YUNNAN_98,0,4,69,,,,,
YUNNAN_99,0,3,42,,,,,
